valid_tn_step,valid_tp_step,valid_fp_step,step,valid_fn_step,valid_F1,valid_Loss,valid_fp_epoch,valid_tp_epoch,valid_tn_epoch,valid_WAcc,epoch,valid_fn_epoch
11441.0,0.0,0.0,0,175.0,,,,,,,,
11451.0,0.0,0.0,1,165.0,,,,,,,,
11463.0,0.0,0.0,2,153.0,,,,,,,,
11466.0,0.0,0.0,3,150.0,,,,,,,,
11458.0,0.0,0.0,4,158.0,,,,,,,,
11471.0,0.0,0.0,5,145.0,,,,,,,,
11428.0,0.0,0.0,6,188.0,,,,,,,,
11437.0,0.0,0.0,7,179.0,,,,,,,,
11452.0,0.0,0.0,8,164.0,,,,,,,,
11440.0,0.0,0.0,9,176.0,,,,,,,,
11471.0,0.0,0.0,10,145.0,,,,,,,,
11464.0,0.0,0.0,11,152.0,,,,,,,,
11462.0,0.0,0.0,12,154.0,,,,,,,,
11437.0,0.0,0.0,13,179.0,,,,,,,,
11497.0,0.0,0.0,14,119.0,,,,,,,,
11446.0,0.0,0.0,15,170.0,,,,,,,,
11475.0,0.0,0.0,16,141.0,,,,,,,,
11473.0,0.0,0.0,17,143.0,,,,,,,,
11466.0,0.0,0.0,18,150.0,,,,,,,,
11470.0,0.0,0.0,19,146.0,,,,,,,,
11463.0,0.0,0.0,20,153.0,,,,,,,,
11454.0,0.0,0.0,21,162.0,,,,,,,,
11446.0,0.0,0.0,22,170.0,,,,,,,,
11469.0,0.0,0.0,23,147.0,,,,,,,,
11457.0,0.0,0.0,24,159.0,,,,,,,,
11465.0,0.0,0.0,25,151.0,,,,,,,,
11453.0,0.0,0.0,26,163.0,,,,,,,,
11455.0,0.0,0.0,27,161.0,,,,,,,,
11468.0,0.0,0.0,28,148.0,,,,,,,,
11475.0,0.0,0.0,29,141.0,,,,,,,,
11437.0,0.0,0.0,30,179.0,,,,,,,,
11467.0,0.0,0.0,31,149.0,,,,,,,,
11475.0,0.0,0.0,32,141.0,,,,,,,,
11445.0,0.0,0.0,33,171.0,,,,,,,,
11459.0,0.0,0.0,34,157.0,,,,,,,,
11440.0,0.0,0.0,35,176.0,,,,,,,,
11458.0,0.0,0.0,36,158.0,,,,,,,,
11460.0,0.0,0.0,37,156.0,,,,,,,,
11475.0,0.0,0.0,38,141.0,,,,,,,,
11449.0,0.0,0.0,39,167.0,,,,,,,,
11449.0,0.0,0.0,40,167.0,,,,,,,,
11475.0,0.0,0.0,41,141.0,,,,,,,,
11462.0,0.0,0.0,42,154.0,,,,,,,,
11462.0,0.0,0.0,43,154.0,,,,,,,,
11463.0,0.0,0.0,44,153.0,,,,,,,,
11459.0,0.0,0.0,45,157.0,,,,,,,,
11437.0,0.0,0.0,46,179.0,,,,,,,,
11473.0,0.0,0.0,47,143.0,,,,,,,,
11459.0,0.0,0.0,48,157.0,,,,,,,,
11480.0,0.0,0.0,49,136.0,,,,,,,,
11468.0,0.0,0.0,50,148.0,,,,,,,,
11467.0,0.0,0.0,51,149.0,,,,,,,,
11451.0,0.0,0.0,52,165.0,,,,,,,,
11454.0,0.0,0.0,53,162.0,,,,,,,,
11479.0,0.0,0.0,54,137.0,,,,,,,,
11459.0,0.0,0.0,55,157.0,,,,,,,,
11469.0,0.0,0.0,56,147.0,,,,,,,,
11469.0,0.0,0.0,57,147.0,,,,,,,,
11453.0,0.0,0.0,58,163.0,,,,,,,,
11464.0,0.0,0.0,59,152.0,,,,,,,,
11445.0,0.0,0.0,60,171.0,,,,,,,,
11447.0,0.0,0.0,61,169.0,,,,,,,,
11454.0,0.0,0.0,62,162.0,,,,,,,,
11458.0,0.0,0.0,63,158.0,,,,,,,,
11460.0,0.0,0.0,64,156.0,,,,,,,,
11465.0,0.0,0.0,65,151.0,,,,,,,,
11483.0,0.0,0.0,66,133.0,,,,,,,,
11459.0,0.0,0.0,67,157.0,,,,,,,,
11444.0,0.0,0.0,68,172.0,,,,,,,,
11452.0,0.0,0.0,69,164.0,,,,,,,,
11457.0,0.0,0.0,70,159.0,,,,,,,,
11463.0,0.0,0.0,71,153.0,,,,,,,,
11466.0,0.0,0.0,72,150.0,,,,,,,,
11482.0,0.0,0.0,73,134.0,,,,,,,,
11469.0,0.0,0.0,74,147.0,,,,,,,,
11472.0,0.0,0.0,75,144.0,,,,,,,,
11454.0,0.0,0.0,76,162.0,,,,,,,,
11463.0,0.0,0.0,77,153.0,,,,,,,,
11476.0,0.0,0.0,78,140.0,,,,,,,,
11468.0,0.0,0.0,79,148.0,,,,,,,,
11479.0,0.0,0.0,80,137.0,,,,,,,,
11458.0,0.0,0.0,81,158.0,,,,,,,,
11477.0,0.0,0.0,82,139.0,,,,,,,,
11466.0,0.0,0.0,83,150.0,,,,,,,,
11458.0,0.0,0.0,84,158.0,,,,,,,,
11463.0,0.0,0.0,85,153.0,,,,,,,,
11461.0,0.0,0.0,86,155.0,,,,,,,,
11451.0,0.0,0.0,87,165.0,,,,,,,,
11460.0,0.0,0.0,88,156.0,,,,,,,,
11449.0,0.0,0.0,89,167.0,,,,,,,,
11458.0,0.0,0.0,90,158.0,,,,,,,,
11467.0,0.0,0.0,91,149.0,,,,,,,,
11471.0,0.0,0.0,92,145.0,,,,,,,,
11466.0,0.0,0.0,93,150.0,,,,,,,,
11475.0,0.0,0.0,94,141.0,,,,,,,,
11452.0,0.0,0.0,95,164.0,,,,,,,,
11451.0,0.0,0.0,96,165.0,,,,,,,,
11457.0,0.0,0.0,97,159.0,,,,,,,,
11443.0,0.0,0.0,98,173.0,,,,,,,,
11456.0,0.0,0.0,99,160.0,,,,,,,,
11445.0,0.0,0.0,100,171.0,,,,,,,,
11443.0,0.0,0.0,101,173.0,,,,,,,,
11465.0,0.0,0.0,102,151.0,,,,,,,,
11459.0,0.0,0.0,103,157.0,,,,,,,,
11446.0,0.0,0.0,104,170.0,,,,,,,,
11499.0,0.0,0.0,105,117.0,,,,,,,,
11456.0,0.0,0.0,106,160.0,,,,,,,,
11466.0,0.0,0.0,107,150.0,,,,,,,,
11457.0,0.0,0.0,108,159.0,,,,,,,,
11484.0,0.0,0.0,109,132.0,,,,,,,,
11468.0,0.0,0.0,110,148.0,,,,,,,,
11474.0,0.0,0.0,111,142.0,,,,,,,,
11455.0,0.0,0.0,112,161.0,,,,,,,,
11426.0,0.0,0.0,113,190.0,,,,,,,,
11451.0,0.0,0.0,114,165.0,,,,,,,,
11450.0,0.0,0.0,115,166.0,,,,,,,,
11452.0,0.0,0.0,116,164.0,,,,,,,,
11447.0,0.0,0.0,117,169.0,,,,,,,,
11462.0,0.0,0.0,118,154.0,,,,,,,,
11473.0,0.0,0.0,119,143.0,,,,,,,,
11457.0,0.0,0.0,120,159.0,,,,,,,,
11449.0,0.0,0.0,121,167.0,,,,,,,,
11457.0,0.0,0.0,122,159.0,,,,,,,,
11458.0,0.0,0.0,123,158.0,,,,,,,,
11450.0,0.0,0.0,124,166.0,,,,,,,,
11449.0,0.0,0.0,125,167.0,,,,,,,,
11434.0,0.0,0.0,126,182.0,,,,,,,,
11459.0,0.0,0.0,127,157.0,,,,,,,,
11465.0,0.0,0.0,128,151.0,,,,,,,,
11447.0,0.0,0.0,129,169.0,,,,,,,,
11464.0,0.0,0.0,130,152.0,,,,,,,,
11457.0,0.0,0.0,131,159.0,,,,,,,,
11451.0,0.0,0.0,132,165.0,,,,,,,,
11455.0,0.0,0.0,133,161.0,,,,,,,,
11455.0,0.0,0.0,134,161.0,,,,,,,,
11476.0,0.0,0.0,135,140.0,,,,,,,,
11444.0,0.0,0.0,136,172.0,,,,,,,,
11471.0,0.0,0.0,137,145.0,,,,,,,,
11464.0,0.0,0.0,138,152.0,,,,,,,,
11444.0,0.0,0.0,139,172.0,,,,,,,,
11468.0,0.0,0.0,140,148.0,,,,,,,,
11466.0,0.0,0.0,141,150.0,,,,,,,,
11460.0,0.0,0.0,142,156.0,,,,,,,,
11443.0,0.0,0.0,143,173.0,,,,,,,,
11455.0,0.0,0.0,144,161.0,,,,,,,,
11468.0,0.0,0.0,145,148.0,,,,,,,,
11434.0,0.0,0.0,146,182.0,,,,,,,,
11462.0,0.0,0.0,147,154.0,,,,,,,,
11453.0,0.0,0.0,148,163.0,,,,,,,,
11452.0,0.0,0.0,149,164.0,,,,,,,,
11454.0,0.0,0.0,150,162.0,,,,,,,,
11468.0,0.0,0.0,151,148.0,,,,,,,,
11455.0,0.0,0.0,152,161.0,,,,,,,,
11480.0,0.0,0.0,153,136.0,,,,,,,,
11462.0,0.0,0.0,154,154.0,,,,,,,,
11446.0,0.0,0.0,155,170.0,,,,,,,,
11460.0,0.0,0.0,156,156.0,,,,,,,,
11474.0,0.0,0.0,157,142.0,,,,,,,,
11484.0,0.0,0.0,158,132.0,,,,,,,,
11455.0,0.0,0.0,159,161.0,,,,,,,,
11463.0,0.0,0.0,160,153.0,,,,,,,,
11456.0,0.0,0.0,161,160.0,,,,,,,,
11478.0,0.0,0.0,162,138.0,,,,,,,,
11461.0,0.0,0.0,163,155.0,,,,,,,,
11453.0,0.0,0.0,164,163.0,,,,,,,,
11467.0,0.0,0.0,165,149.0,,,,,,,,
11471.0,0.0,0.0,166,145.0,,,,,,,,
11480.0,0.0,0.0,167,136.0,,,,,,,,
11475.0,0.0,0.0,168,141.0,,,,,,,,
11443.0,0.0,0.0,169,173.0,,,,,,,,
11460.0,0.0,0.0,170,156.0,,,,,,,,
11470.0,0.0,0.0,171,146.0,,,,,,,,
11466.0,0.0,0.0,172,150.0,,,,,,,,
11473.0,0.0,0.0,173,143.0,,,,,,,,
11431.0,0.0,0.0,174,185.0,,,,,,,,
11466.0,0.0,0.0,175,150.0,,,,,,,,
11464.0,0.0,0.0,176,152.0,,,,,,,,
11484.0,0.0,0.0,177,132.0,,,,,,,,
11443.0,0.0,0.0,178,173.0,,,,,,,,
11488.0,0.0,0.0,179,128.0,,,,,,,,
11457.0,0.0,0.0,180,159.0,,,,,,,,
11441.0,0.0,0.0,181,175.0,,,,,,,,
11466.0,0.0,0.0,182,150.0,,,,,,,,
11465.0,0.0,0.0,183,151.0,,,,,,,,
11442.0,0.0,0.0,184,174.0,,,,,,,,
11448.0,0.0,0.0,185,168.0,,,,,,,,
11436.0,0.0,0.0,186,180.0,,,,,,,,
11450.0,0.0,0.0,187,166.0,,,,,,,,
11462.0,0.0,0.0,188,154.0,,,,,,,,
11472.0,0.0,0.0,189,144.0,,,,,,,,
11464.0,0.0,0.0,190,152.0,,,,,,,,
11471.0,0.0,0.0,191,145.0,,,,,,,,
11484.0,0.0,0.0,192,132.0,,,,,,,,
11464.0,0.0,0.0,193,152.0,,,,,,,,
11459.0,0.0,0.0,194,157.0,,,,,,,,
11467.0,0.0,0.0,195,149.0,,,,,,,,
11443.0,0.0,0.0,196,173.0,,,,,,,,
11446.0,0.0,0.0,197,170.0,,,,,,,,
11441.0,0.0,0.0,198,175.0,,,,,,,,
11451.0,0.0,0.0,199,165.0,,,,,,,,
11448.0,0.0,0.0,200,168.0,,,,,,,,
11460.0,0.0,0.0,201,156.0,,,,,,,,
11450.0,0.0,0.0,202,166.0,,,,,,,,
11462.0,0.0,0.0,203,154.0,,,,,,,,
11477.0,0.0,0.0,204,139.0,,,,,,,,
11468.0,0.0,0.0,205,148.0,,,,,,,,
11470.0,0.0,0.0,206,146.0,,,,,,,,
11460.0,0.0,0.0,207,156.0,,,,,,,,
11482.0,0.0,0.0,208,134.0,,,,,,,,
11451.0,0.0,0.0,209,165.0,,,,,,,,
11453.0,0.0,0.0,210,163.0,,,,,,,,
11438.0,0.0,0.0,211,178.0,,,,,,,,
11419.0,0.0,0.0,212,197.0,,,,,,,,
11474.0,0.0,0.0,213,142.0,,,,,,,,
11449.0,0.0,0.0,214,167.0,,,,,,,,
11465.0,0.0,0.0,215,151.0,,,,,,,,
11449.0,0.0,0.0,216,167.0,,,,,,,,
11468.0,0.0,0.0,217,148.0,,,,,,,,
11494.0,0.0,0.0,218,122.0,,,,,,,,
11449.0,0.0,0.0,219,167.0,,,,,,,,
11471.0,0.0,0.0,220,145.0,,,,,,,,
11468.0,0.0,0.0,221,148.0,,,,,,,,
11437.0,0.0,0.0,222,179.0,,,,,,,,
11464.0,0.0,0.0,223,152.0,,,,,,,,
11444.0,0.0,0.0,224,172.0,,,,,,,,
11449.0,0.0,0.0,225,167.0,,,,,,,,
11442.0,0.0,0.0,226,174.0,,,,,,,,
11465.0,0.0,0.0,227,151.0,,,,,,,,
11453.0,0.0,0.0,228,163.0,,,,,,,,
11459.0,0.0,0.0,229,157.0,,,,,,,,
11488.0,0.0,0.0,230,128.0,,,,,,,,
11448.0,0.0,0.0,231,168.0,,,,,,,,
11479.0,0.0,0.0,232,137.0,,,,,,,,
11445.0,0.0,0.0,233,171.0,,,,,,,,
11449.0,0.0,0.0,234,167.0,,,,,,,,
11453.0,0.0,0.0,235,163.0,,,,,,,,
11452.0,0.0,0.0,236,164.0,,,,,,,,
11479.0,0.0,0.0,237,137.0,,,,,,,,
11453.0,0.0,0.0,238,163.0,,,,,,,,
11468.0,0.0,0.0,239,148.0,,,,,,,,
11470.0,0.0,0.0,240,146.0,,,,,,,,
11445.0,0.0,0.0,241,171.0,,,,,,,,
11481.0,0.0,0.0,242,135.0,,,,,,,,
11476.0,0.0,0.0,243,140.0,,,,,,,,
11474.0,0.0,0.0,244,142.0,,,,,,,,
11458.0,0.0,0.0,245,158.0,,,,,,,,
11496.0,0.0,0.0,246,120.0,,,,,,,,
11456.0,0.0,0.0,247,160.0,,,,,,,,
11451.0,0.0,0.0,248,165.0,,,,,,,,
11467.0,0.0,0.0,249,149.0,,,,,,,,
11478.0,0.0,0.0,250,138.0,,,,,,,,
11466.0,0.0,0.0,251,150.0,,,,,,,,
11456.0,0.0,0.0,252,160.0,,,,,,,,
11471.0,0.0,0.0,253,145.0,,,,,,,,
11480.0,0.0,0.0,254,136.0,,,,,,,,
11456.0,0.0,0.0,255,160.0,,,,,,,,
11455.0,0.0,0.0,256,161.0,,,,,,,,
11480.0,0.0,0.0,257,136.0,,,,,,,,
11459.0,0.0,0.0,258,157.0,,,,,,,,
11459.0,0.0,0.0,259,157.0,,,,,,,,
11464.0,0.0,0.0,260,152.0,,,,,,,,
11463.0,0.0,0.0,261,153.0,,,,,,,,
11469.0,0.0,0.0,262,147.0,,,,,,,,
11469.0,0.0,0.0,263,147.0,,,,,,,,
11467.0,0.0,0.0,264,149.0,,,,,,,,
11476.0,0.0,0.0,265,140.0,,,,,,,,
11448.0,0.0,0.0,266,168.0,,,,,,,,
11481.0,0.0,0.0,267,135.0,,,,,,,,
11457.0,0.0,0.0,268,159.0,,,,,,,,
11470.0,0.0,0.0,269,146.0,,,,,,,,
11467.0,0.0,0.0,270,149.0,,,,,,,,
11468.0,0.0,0.0,271,148.0,,,,,,,,
11461.0,0.0,0.0,272,155.0,,,,,,,,
11453.0,0.0,0.0,273,163.0,,,,,,,,
11460.0,0.0,0.0,274,156.0,,,,,,,,
11454.0,0.0,0.0,275,162.0,,,,,,,,
11478.0,0.0,0.0,276,138.0,,,,,,,,
11466.0,0.0,0.0,277,150.0,,,,,,,,
11465.0,0.0,0.0,278,151.0,,,,,,,,
11457.0,0.0,0.0,279,159.0,,,,,,,,
11473.0,0.0,0.0,280,143.0,,,,,,,,
11460.0,0.0,0.0,281,156.0,,,,,,,,
11452.0,0.0,0.0,282,164.0,,,,,,,,
11445.0,0.0,0.0,283,171.0,,,,,,,,
11463.0,0.0,0.0,284,153.0,,,,,,,,
11468.0,0.0,0.0,285,148.0,,,,,,,,
11445.0,0.0,0.0,286,171.0,,,,,,,,
11445.0,0.0,0.0,287,171.0,,,,,,,,
11459.0,0.0,0.0,288,157.0,,,,,,,,
11458.0,0.0,0.0,289,158.0,,,,,,,,
11461.0,0.0,0.0,290,155.0,,,,,,,,
11459.0,0.0,0.0,291,157.0,,,,,,,,
11463.0,0.0,0.0,292,153.0,,,,,,,,
11464.0,0.0,0.0,293,152.0,,,,,,,,
11459.0,0.0,0.0,294,157.0,,,,,,,,
11462.0,0.0,0.0,295,154.0,,,,,,,,
11449.0,0.0,0.0,296,167.0,,,,,,,,
11460.0,0.0,0.0,297,156.0,,,,,,,,
11468.0,0.0,0.0,298,148.0,,,,,,,,
11452.0,0.0,0.0,299,164.0,,,,,,,,
11441.0,0.0,0.0,300,175.0,,,,,,,,
11440.0,0.0,0.0,301,176.0,,,,,,,,
11476.0,0.0,0.0,302,140.0,,,,,,,,
11461.0,0.0,0.0,303,155.0,,,,,,,,
11462.0,0.0,0.0,304,154.0,,,,,,,,
11464.0,0.0,0.0,305,152.0,,,,,,,,
11458.0,0.0,0.0,306,158.0,,,,,,,,
11447.0,0.0,0.0,307,169.0,,,,,,,,
11453.0,0.0,0.0,308,163.0,,,,,,,,
11455.0,0.0,0.0,309,161.0,,,,,,,,
11474.0,0.0,0.0,310,142.0,,,,,,,,
11444.0,0.0,0.0,311,172.0,,,,,,,,
11458.0,0.0,0.0,312,158.0,,,,,,,,
11476.0,0.0,0.0,313,140.0,,,,,,,,
11472.0,0.0,0.0,314,144.0,,,,,,,,
11458.0,0.0,0.0,315,158.0,,,,,,,,
11456.0,0.0,0.0,316,160.0,,,,,,,,
11457.0,0.0,0.0,317,159.0,,,,,,,,
11477.0,0.0,0.0,318,139.0,,,,,,,,
11469.0,0.0,0.0,319,147.0,,,,,,,,
11448.0,0.0,0.0,320,168.0,,,,,,,,
11442.0,0.0,0.0,321,174.0,,,,,,,,
11466.0,0.0,0.0,322,150.0,,,,,,,,
11443.0,0.0,0.0,323,173.0,,,,,,,,
11455.0,0.0,0.0,324,161.0,,,,,,,,
11462.0,0.0,0.0,325,154.0,,,,,,,,
11448.0,0.0,0.0,326,168.0,,,,,,,,
11467.0,0.0,0.0,327,149.0,,,,,,,,
11465.0,0.0,0.0,328,151.0,,,,,,,,
11467.0,0.0,0.0,329,149.0,,,,,,,,
11459.0,0.0,0.0,330,157.0,,,,,,,,
11479.0,0.0,0.0,331,137.0,,,,,,,,
11463.0,0.0,0.0,332,153.0,,,,,,,,
11464.0,0.0,0.0,333,152.0,,,,,,,,
11464.0,0.0,0.0,334,152.0,,,,,,,,
11464.0,0.0,0.0,335,152.0,,,,,,,,
11455.0,0.0,0.0,336,161.0,,,,,,,,
11451.0,0.0,0.0,337,165.0,,,,,,,,
11459.0,0.0,0.0,338,157.0,,,,,,,,
11450.0,0.0,0.0,339,166.0,,,,,,,,
11466.0,0.0,0.0,340,150.0,,,,,,,,
11472.0,0.0,0.0,341,144.0,,,,,,,,
11470.0,0.0,0.0,342,146.0,,,,,,,,
11470.0,0.0,0.0,343,146.0,,,,,,,,
11490.0,0.0,0.0,344,126.0,,,,,,,,
11467.0,0.0,0.0,345,149.0,,,,,,,,
11451.0,0.0,0.0,346,165.0,,,,,,,,
11472.0,0.0,0.0,347,144.0,,,,,,,,
11485.0,0.0,0.0,348,131.0,,,,,,,,
11445.0,0.0,0.0,349,171.0,,,,,,,,
11453.0,0.0,0.0,350,163.0,,,,,,,,
11473.0,0.0,0.0,351,143.0,,,,,,,,
11451.0,0.0,0.0,352,165.0,,,,,,,,
11456.0,0.0,0.0,353,160.0,,,,,,,,
11477.0,0.0,0.0,354,139.0,,,,,,,,
11469.0,0.0,0.0,355,147.0,,,,,,,,
11469.0,0.0,0.0,356,147.0,,,,,,,,
11454.0,0.0,0.0,357,162.0,,,,,,,,
11470.0,0.0,0.0,358,146.0,,,,,,,,
11464.0,0.0,0.0,359,152.0,,,,,,,,
11466.0,0.0,0.0,360,150.0,,,,,,,,
11441.0,0.0,0.0,361,175.0,,,,,,,,
11451.0,0.0,0.0,362,165.0,,,,,,,,
11434.0,0.0,0.0,363,182.0,,,,,,,,
11468.0,0.0,0.0,364,148.0,,,,,,,,
11467.0,0.0,0.0,365,149.0,,,,,,,,
11473.0,0.0,0.0,366,143.0,,,,,,,,
11474.0,0.0,0.0,367,142.0,,,,,,,,
11459.0,0.0,0.0,368,157.0,,,,,,,,
11476.0,0.0,0.0,369,140.0,,,,,,,,
11443.0,0.0,0.0,370,173.0,,,,,,,,
11469.0,0.0,0.0,371,147.0,,,,,,,,
11440.0,0.0,0.0,372,176.0,,,,,,,,
11458.0,0.0,0.0,373,158.0,,,,,,,,
11438.0,0.0,0.0,374,178.0,,,,,,,,
11452.0,0.0,0.0,375,164.0,,,,,,,,
11452.0,0.0,0.0,376,164.0,,,,,,,,
11450.0,0.0,0.0,377,166.0,,,,,,,,
11469.0,0.0,0.0,378,147.0,,,,,,,,
11463.0,0.0,0.0,379,153.0,,,,,,,,
11453.0,0.0,0.0,380,163.0,,,,,,,,
11441.0,0.0,0.0,381,175.0,,,,,,,,
11454.0,0.0,0.0,382,162.0,,,,,,,,
11448.0,0.0,0.0,383,168.0,,,,,,,,
11444.0,0.0,0.0,384,172.0,,,,,,,,
11457.0,0.0,0.0,385,159.0,,,,,,,,
11463.0,0.0,0.0,386,153.0,,,,,,,,
11468.0,0.0,0.0,387,148.0,,,,,,,,
11451.0,0.0,0.0,388,165.0,,,,,,,,
11463.0,0.0,0.0,389,153.0,,,,,,,,
11456.0,0.0,0.0,390,160.0,,,,,,,,
11462.0,0.0,0.0,391,154.0,,,,,,,,
11440.0,0.0,0.0,392,176.0,,,,,,,,
11478.0,0.0,0.0,393,138.0,,,,,,,,
11468.0,0.0,0.0,394,148.0,,,,,,,,
11441.0,0.0,0.0,395,175.0,,,,,,,,
11474.0,0.0,0.0,396,142.0,,,,,,,,
11467.0,0.0,0.0,397,149.0,,,,,,,,
11473.0,0.0,0.0,398,143.0,,,,,,,,
11456.0,0.0,0.0,399,160.0,,,,,,,,
11466.0,0.0,0.0,400,150.0,,,,,,,,
11477.0,0.0,0.0,401,139.0,,,,,,,,
11449.0,0.0,0.0,402,167.0,,,,,,,,
11488.0,0.0,0.0,403,128.0,,,,,,,,
11473.0,0.0,0.0,404,143.0,,,,,,,,
11463.0,0.0,0.0,405,153.0,,,,,,,,
11470.0,0.0,0.0,406,146.0,,,,,,,,
11460.0,0.0,0.0,407,156.0,,,,,,,,
11465.0,0.0,0.0,408,151.0,,,,,,,,
11439.0,0.0,0.0,409,177.0,,,,,,,,
11454.0,0.0,0.0,410,162.0,,,,,,,,
11461.0,0.0,0.0,411,155.0,,,,,,,,
11457.0,0.0,0.0,412,159.0,,,,,,,,
11475.0,0.0,0.0,413,141.0,,,,,,,,
11458.0,0.0,0.0,414,158.0,,,,,,,,
11461.0,0.0,0.0,415,155.0,,,,,,,,
11469.0,0.0,0.0,416,147.0,,,,,,,,
11490.0,0.0,0.0,417,126.0,,,,,,,,
11450.0,0.0,0.0,418,166.0,,,,,,,,
11463.0,0.0,0.0,419,153.0,,,,,,,,
11468.0,0.0,0.0,420,148.0,,,,,,,,
11453.0,0.0,0.0,421,163.0,,,,,,,,
11467.0,0.0,0.0,422,149.0,,,,,,,,
11461.0,0.0,0.0,423,155.0,,,,,,,,
11438.0,0.0,0.0,424,178.0,,,,,,,,
11451.0,0.0,0.0,425,165.0,,,,,,,,
11441.0,0.0,0.0,426,175.0,,,,,,,,
11463.0,0.0,0.0,427,153.0,,,,,,,,
11466.0,0.0,0.0,428,150.0,,,,,,,,
11449.0,0.0,0.0,429,167.0,,,,,,,,
11461.0,0.0,0.0,430,155.0,,,,,,,,
11473.0,0.0,0.0,431,143.0,,,,,,,,
11478.0,0.0,0.0,432,138.0,,,,,,,,
11447.0,0.0,0.0,433,169.0,,,,,,,,
11453.0,0.0,0.0,434,163.0,,,,,,,,
11470.0,0.0,0.0,435,146.0,,,,,,,,
11477.0,0.0,0.0,436,139.0,,,,,,,,
11472.0,0.0,0.0,437,144.0,,,,,,,,
11475.0,0.0,0.0,438,141.0,,,,,,,,
11451.0,0.0,0.0,439,165.0,,,,,,,,
11430.0,0.0,0.0,440,186.0,,,,,,,,
11451.0,0.0,0.0,441,165.0,,,,,,,,
11452.0,0.0,0.0,442,164.0,,,,,,,,
11480.0,0.0,0.0,443,136.0,,,,,,,,
11472.0,0.0,0.0,444,144.0,,,,,,,,
11459.0,0.0,0.0,445,157.0,,,,,,,,
11439.0,0.0,0.0,446,177.0,,,,,,,,
11461.0,0.0,0.0,447,155.0,,,,,,,,
11460.0,0.0,0.0,448,156.0,,,,,,,,
11443.0,0.0,0.0,449,173.0,,,,,,,,
11447.0,0.0,0.0,450,169.0,,,,,,,,
11468.0,0.0,0.0,451,148.0,,,,,,,,
11475.0,0.0,0.0,452,141.0,,,,,,,,
11466.0,0.0,0.0,453,150.0,,,,,,,,
11459.0,0.0,0.0,454,157.0,,,,,,,,
11458.0,0.0,0.0,455,158.0,,,,,,,,
11472.0,0.0,0.0,456,144.0,,,,,,,,
11462.0,0.0,0.0,457,154.0,,,,,,,,
11442.0,0.0,0.0,458,174.0,,,,,,,,
11436.0,0.0,0.0,459,180.0,,,,,,,,
11444.0,0.0,0.0,460,172.0,,,,,,,,
11464.0,0.0,0.0,461,152.0,,,,,,,,
11484.0,0.0,0.0,462,132.0,,,,,,,,
11449.0,0.0,0.0,463,167.0,,,,,,,,
11433.0,0.0,0.0,464,183.0,,,,,,,,
11470.0,0.0,0.0,465,146.0,,,,,,,,
11436.0,0.0,0.0,466,180.0,,,,,,,,
11471.0,0.0,0.0,467,145.0,,,,,,,,
11449.0,0.0,0.0,468,167.0,,,,,,,,
11424.0,0.0,0.0,469,192.0,,,,,,,,
11446.0,0.0,0.0,470,170.0,,,,,,,,
11472.0,0.0,0.0,471,144.0,,,,,,,,
11469.0,0.0,0.0,472,147.0,,,,,,,,
11462.0,0.0,0.0,473,154.0,,,,,,,,
11477.0,0.0,0.0,474,139.0,,,,,,,,
11472.0,0.0,0.0,475,144.0,,,,,,,,
11453.0,0.0,0.0,476,163.0,,,,,,,,
11461.0,0.0,0.0,477,155.0,,,,,,,,
11459.0,0.0,0.0,478,157.0,,,,,,,,
11455.0,0.0,0.0,479,161.0,,,,,,,,
11450.0,0.0,0.0,480,166.0,,,,,,,,
11448.0,0.0,0.0,481,168.0,,,,,,,,
11465.0,0.0,0.0,482,151.0,,,,,,,,
11446.0,0.0,0.0,483,170.0,,,,,,,,
11461.0,0.0,0.0,484,155.0,,,,,,,,
11473.0,0.0,0.0,485,143.0,,,,,,,,
11458.0,0.0,0.0,486,158.0,,,,,,,,
11449.0,0.0,0.0,487,167.0,,,,,,,,
11474.0,0.0,0.0,488,142.0,,,,,,,,
11455.0,0.0,0.0,489,161.0,,,,,,,,
11442.0,0.0,0.0,490,174.0,,,,,,,,
11448.0,0.0,0.0,491,168.0,,,,,,,,
11452.0,0.0,0.0,492,164.0,,,,,,,,
11444.0,0.0,0.0,493,172.0,,,,,,,,
11463.0,0.0,0.0,494,153.0,,,,,,,,
11469.0,0.0,0.0,495,147.0,,,,,,,,
11452.0,0.0,0.0,496,164.0,,,,,,,,
11482.0,0.0,0.0,497,134.0,,,,,,,,
11479.0,0.0,0.0,498,137.0,,,,,,,,
11433.0,0.0,0.0,499,183.0,,,,,,,,
11457.0,0.0,0.0,500,159.0,,,,,,,,
11459.0,0.0,0.0,501,157.0,,,,,,,,
11461.0,0.0,0.0,502,155.0,,,,,,,,
11454.0,0.0,0.0,503,162.0,,,,,,,,
11451.0,0.0,0.0,504,165.0,,,,,,,,
11470.0,0.0,0.0,505,146.0,,,,,,,,
11448.0,0.0,0.0,506,168.0,,,,,,,,
11456.0,0.0,0.0,507,160.0,,,,,,,,
11469.0,0.0,0.0,508,147.0,,,,,,,,
11456.0,0.0,0.0,509,160.0,,,,,,,,
11446.0,0.0,0.0,510,170.0,,,,,,,,
11468.0,0.0,0.0,511,148.0,,,,,,,,
11455.0,0.0,0.0,512,161.0,,,,,,,,
11438.0,0.0,0.0,513,178.0,,,,,,,,
11450.0,0.0,0.0,514,166.0,,,,,,,,
11450.0,0.0,0.0,515,166.0,,,,,,,,
11458.0,0.0,0.0,516,158.0,,,,,,,,
11446.0,0.0,0.0,517,170.0,,,,,,,,
11462.0,0.0,0.0,518,154.0,,,,,,,,
11446.0,0.0,0.0,519,170.0,,,,,,,,
11439.0,0.0,0.0,520,177.0,,,,,,,,
11468.0,0.0,0.0,521,148.0,,,,,,,,
11454.0,0.0,0.0,522,162.0,,,,,,,,
11464.0,0.0,0.0,523,152.0,,,,,,,,
11468.0,0.0,0.0,524,148.0,,,,,,,,
11459.0,0.0,0.0,525,157.0,,,,,,,,
11427.0,0.0,0.0,526,189.0,,,,,,,,
11447.0,0.0,0.0,527,169.0,,,,,,,,
11464.0,0.0,0.0,528,152.0,,,,,,,,
11475.0,0.0,0.0,529,141.0,,,,,,,,
11449.0,0.0,0.0,530,167.0,,,,,,,,
11474.0,0.0,0.0,531,142.0,,,,,,,,
11472.0,0.0,0.0,532,144.0,,,,,,,,
11478.0,0.0,0.0,533,138.0,,,,,,,,
11467.0,0.0,0.0,534,149.0,,,,,,,,
11450.0,0.0,0.0,535,166.0,,,,,,,,
11462.0,0.0,0.0,536,154.0,,,,,,,,
11465.0,0.0,0.0,537,151.0,,,,,,,,
11461.0,0.0,0.0,538,155.0,,,,,,,,
11458.0,0.0,0.0,539,158.0,,,,,,,,
11453.0,0.0,0.0,540,163.0,,,,,,,,
11443.0,0.0,0.0,541,173.0,,,,,,,,
11475.0,0.0,0.0,542,141.0,,,,,,,,
11505.0,0.0,0.0,543,111.0,,,,,,,,
11446.0,0.0,0.0,544,170.0,,,,,,,,
11463.0,0.0,0.0,545,153.0,,,,,,,,
11464.0,0.0,0.0,546,152.0,,,,,,,,
11478.0,0.0,0.0,547,138.0,,,,,,,,
11452.0,0.0,0.0,548,164.0,,,,,,,,
11454.0,0.0,0.0,549,162.0,,,,,,,,
11467.0,0.0,0.0,550,149.0,,,,,,,,
11456.0,0.0,0.0,551,160.0,,,,,,,,
11462.0,0.0,0.0,552,154.0,,,,,,,,
11477.0,0.0,0.0,553,139.0,,,,,,,,
11451.0,0.0,0.0,554,165.0,,,,,,,,
11463.0,0.0,0.0,555,153.0,,,,,,,,
11459.0,0.0,0.0,556,157.0,,,,,,,,
11454.0,0.0,0.0,557,162.0,,,,,,,,
11478.0,0.0,0.0,558,138.0,,,,,,,,
11475.0,0.0,0.0,559,141.0,,,,,,,,
11463.0,0.0,0.0,560,153.0,,,,,,,,
11465.0,0.0,0.0,561,151.0,,,,,,,,
11464.0,0.0,0.0,562,152.0,,,,,,,,
11462.0,0.0,0.0,563,154.0,,,,,,,,
11464.0,0.0,0.0,564,152.0,,,,,,,,
11465.0,0.0,0.0,565,151.0,,,,,,,,
11471.0,0.0,0.0,566,145.0,,,,,,,,
11442.0,0.0,0.0,567,174.0,,,,,,,,
11435.0,0.0,0.0,568,181.0,,,,,,,,
11467.0,0.0,0.0,569,149.0,,,,,,,,
11466.0,0.0,0.0,570,150.0,,,,,,,,
11444.0,0.0,0.0,571,172.0,,,,,,,,
11460.0,0.0,0.0,572,156.0,,,,,,,,
11443.0,0.0,0.0,573,173.0,,,,,,,,
11482.0,0.0,0.0,574,134.0,,,,,,,,
11446.0,0.0,0.0,575,170.0,,,,,,,,
11473.0,0.0,0.0,576,143.0,,,,,,,,
11467.0,0.0,0.0,577,149.0,,,,,,,,
11454.0,0.0,0.0,578,162.0,,,,,,,,
11477.0,0.0,0.0,579,139.0,,,,,,,,
11438.0,0.0,0.0,580,178.0,,,,,,,,
11455.0,0.0,0.0,581,161.0,,,,,,,,
11489.0,0.0,0.0,582,127.0,,,,,,,,
11456.0,0.0,0.0,583,160.0,,,,,,,,
11458.0,0.0,0.0,584,158.0,,,,,,,,
11472.0,0.0,0.0,585,144.0,,,,,,,,
11451.0,0.0,0.0,586,165.0,,,,,,,,
11467.0,0.0,0.0,587,149.0,,,,,,,,
11482.0,0.0,0.0,588,134.0,,,,,,,,
11449.0,0.0,0.0,589,167.0,,,,,,,,
11446.0,0.0,0.0,590,170.0,,,,,,,,
11481.0,0.0,0.0,591,135.0,,,,,,,,
11469.0,0.0,0.0,592,147.0,,,,,,,,
11436.0,0.0,0.0,593,180.0,,,,,,,,
11468.0,0.0,0.0,594,148.0,,,,,,,,
11458.0,0.0,0.0,595,158.0,,,,,,,,
11462.0,0.0,0.0,596,154.0,,,,,,,,
11454.0,0.0,0.0,597,162.0,,,,,,,,
11473.0,0.0,0.0,598,143.0,,,,,,,,
11470.0,0.0,0.0,599,146.0,,,,,,,,
11449.0,0.0,0.0,600,167.0,,,,,,,,
11488.0,0.0,0.0,601,128.0,,,,,,,,
11450.0,0.0,0.0,602,166.0,,,,,,,,
11460.0,0.0,0.0,603,156.0,,,,,,,,
11466.0,0.0,0.0,604,150.0,,,,,,,,
11472.0,0.0,0.0,605,144.0,,,,,,,,
11498.0,0.0,0.0,606,118.0,,,,,,,,
11466.0,0.0,0.0,607,150.0,,,,,,,,
11428.0,0.0,0.0,608,188.0,,,,,,,,
11461.0,0.0,0.0,609,155.0,,,,,,,,
11461.0,0.0,0.0,610,155.0,,,,,,,,
11463.0,0.0,0.0,611,153.0,,,,,,,,
11463.0,0.0,0.0,612,153.0,,,,,,,,
11464.0,0.0,0.0,613,152.0,,,,,,,,
11456.0,0.0,0.0,614,160.0,,,,,,,,
11454.0,0.0,0.0,615,162.0,,,,,,,,
11464.0,0.0,0.0,616,152.0,,,,,,,,
11463.0,0.0,0.0,617,153.0,,,,,,,,
11461.0,0.0,0.0,618,155.0,,,,,,,,
11462.0,0.0,0.0,619,154.0,,,,,,,,
11447.0,0.0,0.0,620,169.0,,,,,,,,
11471.0,0.0,0.0,621,145.0,,,,,,,,
11447.0,0.0,0.0,622,169.0,,,,,,,,
11469.0,0.0,0.0,623,147.0,,,,,,,,
11459.0,0.0,0.0,624,157.0,,,,,,,,
11485.0,0.0,0.0,625,131.0,,,,,,,,
11447.0,0.0,0.0,626,169.0,,,,,,,,
11467.0,0.0,0.0,627,149.0,,,,,,,,
11470.0,0.0,0.0,628,146.0,,,,,,,,
11448.0,0.0,0.0,629,168.0,,,,,,,,
11442.0,0.0,0.0,630,174.0,,,,,,,,
11463.0,0.0,0.0,631,153.0,,,,,,,,
11467.0,0.0,0.0,632,149.0,,,,,,,,
11467.0,0.0,0.0,633,149.0,,,,,,,,
11438.0,0.0,0.0,634,178.0,,,,,,,,
11457.0,0.0,0.0,635,159.0,,,,,,,,
11443.0,0.0,0.0,636,173.0,,,,,,,,
11470.0,0.0,0.0,637,146.0,,,,,,,,
11441.0,0.0,0.0,638,175.0,,,,,,,,
11461.0,0.0,0.0,639,155.0,,,,,,,,
11473.0,0.0,0.0,640,143.0,,,,,,,,
11449.0,0.0,0.0,641,167.0,,,,,,,,
11443.0,0.0,0.0,642,173.0,,,,,,,,
11471.0,0.0,0.0,643,145.0,,,,,,,,
11461.0,0.0,0.0,644,155.0,,,,,,,,
11466.0,0.0,0.0,645,150.0,,,,,,,,
11442.0,0.0,0.0,646,174.0,,,,,,,,
11468.0,0.0,0.0,647,148.0,,,,,,,,
11456.0,0.0,0.0,648,160.0,,,,,,,,
11443.0,0.0,0.0,649,173.0,,,,,,,,
11444.0,0.0,0.0,650,172.0,,,,,,,,
11477.0,0.0,0.0,651,139.0,,,,,,,,
11451.0,0.0,0.0,652,165.0,,,,,,,,
11443.0,0.0,0.0,653,173.0,,,,,,,,
11468.0,0.0,0.0,654,148.0,,,,,,,,
11463.0,0.0,0.0,655,153.0,,,,,,,,
11451.0,0.0,0.0,656,165.0,,,,,,,,
11447.0,0.0,0.0,657,169.0,,,,,,,,
11454.0,0.0,0.0,658,162.0,,,,,,,,
11461.0,0.0,0.0,659,155.0,,,,,,,,
11482.0,0.0,0.0,660,134.0,,,,,,,,
11462.0,0.0,0.0,661,154.0,,,,,,,,
11467.0,0.0,0.0,662,149.0,,,,,,,,
11429.0,0.0,0.0,663,187.0,,,,,,,,
11461.0,0.0,0.0,664,155.0,,,,,,,,
11469.0,0.0,0.0,665,147.0,,,,,,,,
11451.0,0.0,0.0,666,165.0,,,,,,,,
11470.0,0.0,0.0,667,146.0,,,,,,,,
11452.0,0.0,0.0,668,164.0,,,,,,,,
11454.0,0.0,0.0,669,162.0,,,,,,,,
11441.0,0.0,0.0,670,175.0,,,,,,,,
11457.0,0.0,0.0,671,159.0,,,,,,,,
11450.0,0.0,0.0,672,166.0,,,,,,,,
11448.0,0.0,0.0,673,168.0,,,,,,,,
11470.0,0.0,0.0,674,146.0,,,,,,,,
11427.0,0.0,0.0,675,189.0,,,,,,,,
11465.0,0.0,0.0,676,151.0,,,,,,,,
11458.0,0.0,0.0,677,158.0,,,,,,,,
11490.0,0.0,0.0,678,126.0,,,,,,,,
11456.0,0.0,0.0,679,160.0,,,,,,,,
11473.0,0.0,0.0,680,143.0,,,,,,,,
11436.0,0.0,0.0,681,180.0,,,,,,,,
11446.0,0.0,0.0,682,170.0,,,,,,,,
11456.0,0.0,0.0,683,160.0,,,,,,,,
11470.0,0.0,0.0,684,146.0,,,,,,,,
11470.0,0.0,0.0,685,146.0,,,,,,,,
11433.0,0.0,0.0,686,183.0,,,,,,,,
11473.0,0.0,0.0,687,143.0,,,,,,,,
11464.0,0.0,0.0,688,152.0,,,,,,,,
11470.0,0.0,0.0,689,146.0,,,,,,,,
11465.0,0.0,0.0,690,151.0,,,,,,,,
11469.0,0.0,0.0,691,147.0,,,,,,,,
11477.0,0.0,0.0,692,139.0,,,,,,,,
11490.0,0.0,0.0,693,126.0,,,,,,,,
11457.0,0.0,0.0,694,159.0,,,,,,,,
11449.0,0.0,0.0,695,167.0,,,,,,,,
11450.0,0.0,0.0,696,166.0,,,,,,,,
11460.0,0.0,0.0,697,156.0,,,,,,,,
11461.0,0.0,0.0,698,155.0,,,,,,,,
11445.0,0.0,0.0,699,171.0,,,,,,,,
11447.0,0.0,0.0,700,169.0,,,,,,,,
11465.0,0.0,0.0,701,151.0,,,,,,,,
11418.0,0.0,0.0,702,198.0,,,,,,,,
11442.0,0.0,0.0,703,174.0,,,,,,,,
11471.0,0.0,0.0,704,145.0,,,,,,,,
11457.0,0.0,0.0,705,159.0,,,,,,,,
11468.0,0.0,0.0,706,148.0,,,,,,,,
11448.0,0.0,0.0,707,168.0,,,,,,,,
11486.0,0.0,0.0,708,130.0,,,,,,,,
11479.0,0.0,0.0,709,137.0,,,,,,,,
11444.0,0.0,0.0,710,172.0,,,,,,,,
11453.0,0.0,0.0,711,163.0,,,,,,,,
11465.0,0.0,0.0,712,151.0,,,,,,,,
11464.0,0.0,0.0,713,152.0,,,,,,,,
11462.0,0.0,0.0,714,154.0,,,,,,,,
11459.0,0.0,0.0,715,157.0,,,,,,,,
11465.0,0.0,0.0,716,151.0,,,,,,,,
11476.0,0.0,0.0,717,140.0,,,,,,,,
11455.0,0.0,0.0,718,161.0,,,,,,,,
11463.0,0.0,0.0,719,153.0,,,,,,,,
11467.0,0.0,0.0,720,149.0,,,,,,,,
11476.0,0.0,0.0,721,140.0,,,,,,,,
11460.0,0.0,0.0,722,156.0,,,,,,,,
11464.0,0.0,0.0,723,152.0,,,,,,,,
11458.0,0.0,0.0,724,158.0,,,,,,,,
11470.0,0.0,0.0,725,146.0,,,,,,,,
11472.0,0.0,0.0,726,144.0,,,,,,,,
11450.0,0.0,0.0,727,166.0,,,,,,,,
11471.0,0.0,0.0,728,145.0,,,,,,,,
11427.0,0.0,0.0,729,189.0,,,,,,,,
11484.0,0.0,0.0,730,132.0,,,,,,,,
11457.0,0.0,0.0,731,159.0,,,,,,,,
11455.0,0.0,0.0,732,161.0,,,,,,,,
11480.0,0.0,0.0,733,136.0,,,,,,,,
11461.0,0.0,0.0,734,155.0,,,,,,,,
11459.0,0.0,0.0,735,157.0,,,,,,,,
11476.0,0.0,0.0,736,140.0,,,,,,,,
11448.0,0.0,0.0,737,168.0,,,,,,,,
11447.0,0.0,0.0,738,169.0,,,,,,,,
11456.0,0.0,0.0,739,160.0,,,,,,,,
11461.0,0.0,0.0,740,155.0,,,,,,,,
11478.0,0.0,0.0,741,138.0,,,,,,,,
11457.0,0.0,0.0,742,159.0,,,,,,,,
11450.0,0.0,0.0,743,166.0,,,,,,,,
11475.0,0.0,0.0,744,141.0,,,,,,,,
11481.0,0.0,0.0,745,135.0,,,,,,,,
11452.0,0.0,0.0,746,164.0,,,,,,,,
11480.0,0.0,0.0,747,136.0,,,,,,,,
11469.0,0.0,0.0,748,147.0,,,,,,,,
11446.0,0.0,0.0,749,170.0,,,,,,,,
11475.0,0.0,0.0,750,141.0,,,,,,,,
11474.0,0.0,0.0,751,142.0,,,,,,,,
11447.0,0.0,0.0,752,169.0,,,,,,,,
11447.0,0.0,0.0,753,169.0,,,,,,,,
11474.0,0.0,0.0,754,142.0,,,,,,,,
11458.0,0.0,0.0,755,158.0,,,,,,,,
11454.0,0.0,0.0,756,162.0,,,,,,,,
11457.0,0.0,0.0,757,159.0,,,,,,,,
11451.0,0.0,0.0,758,165.0,,,,,,,,
11443.0,0.0,0.0,759,173.0,,,,,,,,
11477.0,0.0,0.0,760,139.0,,,,,,,,
11458.0,0.0,0.0,761,158.0,,,,,,,,
11475.0,0.0,0.0,762,141.0,,,,,,,,
11453.0,0.0,0.0,763,163.0,,,,,,,,
11462.0,0.0,0.0,764,154.0,,,,,,,,
11468.0,0.0,0.0,765,148.0,,,,,,,,
11455.0,0.0,0.0,766,161.0,,,,,,,,
11428.0,0.0,0.0,767,188.0,,,,,,,,
11433.0,0.0,0.0,768,183.0,,,,,,,,
11450.0,0.0,0.0,769,166.0,,,,,,,,
11458.0,0.0,0.0,770,158.0,,,,,,,,
11462.0,0.0,0.0,771,154.0,,,,,,,,
11451.0,0.0,0.0,772,165.0,,,,,,,,
11467.0,0.0,0.0,773,149.0,,,,,,,,
11468.0,0.0,0.0,774,148.0,,,,,,,,
11461.0,0.0,0.0,775,155.0,,,,,,,,
11474.0,0.0,0.0,776,142.0,,,,,,,,
11460.0,0.0,0.0,777,156.0,,,,,,,,
11451.0,0.0,0.0,778,165.0,,,,,,,,
11456.0,0.0,0.0,779,160.0,,,,,,,,
11454.0,0.0,0.0,780,162.0,,,,,,,,
11467.0,0.0,0.0,781,149.0,,,,,,,,
11462.0,0.0,0.0,782,154.0,,,,,,,,
11445.0,0.0,0.0,783,171.0,,,,,,,,
11482.0,0.0,0.0,784,134.0,,,,,,,,
11452.0,0.0,0.0,785,164.0,,,,,,,,
11436.0,0.0,0.0,786,180.0,,,,,,,,
11446.0,0.0,0.0,787,170.0,,,,,,,,
11447.0,0.0,0.0,788,169.0,,,,,,,,
11448.0,0.0,0.0,789,168.0,,,,,,,,
11451.0,0.0,0.0,790,165.0,,,,,,,,
11481.0,0.0,0.0,791,135.0,,,,,,,,
11417.0,0.0,0.0,792,199.0,,,,,,,,
11470.0,0.0,0.0,793,146.0,,,,,,,,
11490.0,0.0,0.0,794,126.0,,,,,,,,
11486.0,0.0,0.0,795,130.0,,,,,,,,
11457.0,0.0,0.0,796,159.0,,,,,,,,
11432.0,0.0,0.0,797,184.0,,,,,,,,
11454.0,0.0,0.0,798,162.0,,,,,,,,
11460.0,0.0,0.0,799,156.0,,,,,,,,
11473.0,0.0,0.0,800,143.0,,,,,,,,
11471.0,0.0,0.0,801,145.0,,,,,,,,
11462.0,0.0,0.0,802,154.0,,,,,,,,
11464.0,0.0,0.0,803,152.0,,,,,,,,
11480.0,0.0,0.0,804,136.0,,,,,,,,
11454.0,0.0,0.0,805,162.0,,,,,,,,
11461.0,0.0,0.0,806,155.0,,,,,,,,
11454.0,0.0,0.0,807,162.0,,,,,,,,
11439.0,0.0,0.0,808,177.0,,,,,,,,
11463.0,0.0,0.0,809,153.0,,,,,,,,
11487.0,0.0,0.0,810,129.0,,,,,,,,
11424.0,0.0,0.0,811,192.0,,,,,,,,
11452.0,0.0,0.0,812,164.0,,,,,,,,
11455.0,0.0,0.0,813,161.0,,,,,,,,
11459.0,0.0,0.0,814,157.0,,,,,,,,
11480.0,0.0,0.0,815,136.0,,,,,,,,
11485.0,0.0,0.0,816,131.0,,,,,,,,
11443.0,0.0,0.0,817,173.0,,,,,,,,
11477.0,0.0,0.0,818,139.0,,,,,,,,
11460.0,0.0,0.0,819,156.0,,,,,,,,
11445.0,0.0,0.0,820,171.0,,,,,,,,
11432.0,0.0,0.0,821,184.0,,,,,,,,
11457.0,0.0,0.0,822,159.0,,,,,,,,
11473.0,0.0,0.0,823,143.0,,,,,,,,
11462.0,0.0,0.0,824,154.0,,,,,,,,
11406.0,0.0,0.0,825,210.0,,,,,,,,
11473.0,0.0,0.0,826,143.0,,,,,,,,
11451.0,0.0,0.0,827,165.0,,,,,,,,
11454.0,0.0,0.0,828,162.0,,,,,,,,
11472.0,0.0,0.0,829,144.0,,,,,,,,
11463.0,0.0,0.0,830,153.0,,,,,,,,
11461.0,0.0,0.0,831,155.0,,,,,,,,
11467.0,0.0,0.0,832,149.0,,,,,,,,
11443.0,0.0,0.0,833,173.0,,,,,,,,
11454.0,0.0,0.0,834,162.0,,,,,,,,
11456.0,0.0,0.0,835,160.0,,,,,,,,
11463.0,0.0,0.0,836,153.0,,,,,,,,
11469.0,0.0,0.0,837,147.0,,,,,,,,
11481.0,0.0,0.0,838,135.0,,,,,,,,
11463.0,0.0,0.0,839,153.0,,,,,,,,
11457.0,0.0,0.0,840,159.0,,,,,,,,
11462.0,0.0,0.0,841,154.0,,,,,,,,
11462.0,0.0,0.0,842,154.0,,,,,,,,
11462.0,0.0,0.0,843,154.0,,,,,,,,
11482.0,0.0,0.0,844,134.0,,,,,,,,
11470.0,0.0,0.0,845,146.0,,,,,,,,
11437.0,0.0,0.0,846,179.0,,,,,,,,
11480.0,0.0,0.0,847,136.0,,,,,,,,
11456.0,0.0,0.0,848,160.0,,,,,,,,
11472.0,0.0,0.0,849,144.0,,,,,,,,
11437.0,0.0,0.0,850,179.0,,,,,,,,
11468.0,0.0,0.0,851,148.0,,,,,,,,
11456.0,0.0,0.0,852,160.0,,,,,,,,
11431.0,0.0,0.0,853,185.0,,,,,,,,
11463.0,0.0,0.0,854,153.0,,,,,,,,
11434.0,0.0,0.0,855,182.0,,,,,,,,
11483.0,0.0,0.0,856,133.0,,,,,,,,
11458.0,0.0,0.0,857,158.0,,,,,,,,
11469.0,0.0,0.0,858,147.0,,,,,,,,
11431.0,0.0,0.0,859,185.0,,,,,,,,
11474.0,0.0,0.0,860,142.0,,,,,,,,
11474.0,0.0,0.0,861,142.0,,,,,,,,
11465.0,0.0,0.0,862,151.0,,,,,,,,
11475.0,0.0,0.0,863,141.0,,,,,,,,
11484.0,0.0,0.0,864,132.0,,,,,,,,
11469.0,0.0,0.0,865,147.0,,,,,,,,
11473.0,0.0,0.0,866,143.0,,,,,,,,
11449.0,0.0,0.0,867,167.0,,,,,,,,
11456.0,0.0,0.0,868,160.0,,,,,,,,
11462.0,0.0,0.0,869,154.0,,,,,,,,
11433.0,0.0,0.0,870,183.0,,,,,,,,
11447.0,0.0,0.0,871,169.0,,,,,,,,
11449.0,0.0,0.0,872,167.0,,,,,,,,
11464.0,0.0,0.0,873,152.0,,,,,,,,
11451.0,0.0,0.0,874,165.0,,,,,,,,
11447.0,0.0,0.0,875,169.0,,,,,,,,
11444.0,0.0,0.0,876,172.0,,,,,,,,
11460.0,0.0,0.0,877,156.0,,,,,,,,
11446.0,0.0,0.0,878,170.0,,,,,,,,
11461.0,0.0,0.0,879,155.0,,,,,,,,
11460.0,0.0,0.0,880,156.0,,,,,,,,
11468.0,0.0,0.0,881,148.0,,,,,,,,
11478.0,0.0,0.0,882,138.0,,,,,,,,
11458.0,0.0,0.0,883,158.0,,,,,,,,
11439.0,0.0,0.0,884,177.0,,,,,,,,
11450.0,0.0,0.0,885,166.0,,,,,,,,
11467.0,0.0,0.0,886,149.0,,,,,,,,
11469.0,0.0,0.0,887,147.0,,,,,,,,
11469.0,0.0,0.0,888,147.0,,,,,,,,
11472.0,0.0,0.0,889,144.0,,,,,,,,
11463.0,0.0,0.0,890,153.0,,,,,,,,
11462.0,0.0,0.0,891,154.0,,,,,,,,
11464.0,0.0,0.0,892,152.0,,,,,,,,
11432.0,0.0,0.0,893,184.0,,,,,,,,
11465.0,0.0,0.0,894,151.0,,,,,,,,
11463.0,0.0,0.0,895,153.0,,,,,,,,
11467.0,0.0,0.0,896,149.0,,,,,,,,
11436.0,0.0,0.0,897,180.0,,,,,,,,
11461.0,0.0,0.0,898,155.0,,,,,,,,
11481.0,0.0,0.0,899,135.0,,,,,,,,
11446.0,0.0,0.0,900,170.0,,,,,,,,
11474.0,0.0,0.0,901,142.0,,,,,,,,
11469.0,0.0,0.0,902,147.0,,,,,,,,
11468.0,0.0,0.0,903,148.0,,,,,,,,
11462.0,0.0,0.0,904,154.0,,,,,,,,
11451.0,0.0,0.0,905,165.0,,,,,,,,
11473.0,0.0,0.0,906,143.0,,,,,,,,
11477.0,0.0,0.0,907,139.0,,,,,,,,
11467.0,0.0,0.0,908,149.0,,,,,,,,
11497.0,0.0,0.0,909,119.0,,,,,,,,
11454.0,0.0,0.0,910,162.0,,,,,,,,
11478.0,0.0,0.0,911,138.0,,,,,,,,
11476.0,0.0,0.0,912,140.0,,,,,,,,
11477.0,0.0,0.0,913,139.0,,,,,,,,
11472.0,0.0,0.0,914,144.0,,,,,,,,
11472.0,0.0,0.0,915,144.0,,,,,,,,
11455.0,0.0,0.0,916,161.0,,,,,,,,
11481.0,0.0,0.0,917,135.0,,,,,,,,
11445.0,0.0,0.0,918,171.0,,,,,,,,
11452.0,0.0,0.0,919,164.0,,,,,,,,
11436.0,0.0,0.0,920,180.0,,,,,,,,
11473.0,0.0,0.0,921,143.0,,,,,,,,
11454.0,0.0,0.0,922,162.0,,,,,,,,
11459.0,0.0,0.0,923,157.0,,,,,,,,
11461.0,0.0,0.0,924,155.0,,,,,,,,
11444.0,0.0,0.0,925,172.0,,,,,,,,
11469.0,0.0,0.0,926,147.0,,,,,,,,
11470.0,0.0,0.0,927,146.0,,,,,,,,
11472.0,0.0,0.0,928,144.0,,,,,,,,
11443.0,0.0,0.0,929,173.0,,,,,,,,
11471.0,0.0,0.0,930,145.0,,,,,,,,
11452.0,0.0,0.0,931,164.0,,,,,,,,
11462.0,0.0,0.0,932,154.0,,,,,,,,
11462.0,0.0,0.0,933,154.0,,,,,,,,
11476.0,0.0,0.0,934,140.0,,,,,,,,
11453.0,0.0,0.0,935,163.0,,,,,,,,
11436.0,0.0,0.0,936,180.0,,,,,,,,
11485.0,0.0,0.0,937,131.0,,,,,,,,
11457.0,0.0,0.0,938,159.0,,,,,,,,
11471.0,0.0,0.0,939,145.0,,,,,,,,
11473.0,0.0,0.0,940,143.0,,,,,,,,
11468.0,0.0,0.0,941,148.0,,,,,,,,
11486.0,0.0,0.0,942,130.0,,,,,,,,
11460.0,0.0,0.0,943,156.0,,,,,,,,
11464.0,0.0,0.0,944,152.0,,,,,,,,
11473.0,0.0,0.0,945,143.0,,,,,,,,
11466.0,0.0,0.0,946,150.0,,,,,,,,
11467.0,0.0,0.0,947,149.0,,,,,,,,
11449.0,0.0,0.0,948,167.0,,,,,,,,
11474.0,0.0,0.0,949,142.0,,,,,,,,
11464.0,0.0,0.0,950,152.0,,,,,,,,
11477.0,0.0,0.0,951,139.0,,,,,,,,
11465.0,0.0,0.0,952,151.0,,,,,,,,
11456.0,0.0,0.0,953,160.0,,,,,,,,
11492.0,0.0,0.0,954,124.0,,,,,,,,
11465.0,0.0,0.0,955,151.0,,,,,,,,
11445.0,0.0,0.0,956,171.0,,,,,,,,
11466.0,0.0,0.0,957,150.0,,,,,,,,
11466.0,0.0,0.0,958,150.0,,,,,,,,
11478.0,0.0,0.0,959,138.0,,,,,,,,
11466.0,0.0,0.0,960,150.0,,,,,,,,
11484.0,0.0,0.0,961,132.0,,,,,,,,
11461.0,0.0,0.0,962,155.0,,,,,,,,
11449.0,0.0,0.0,963,167.0,,,,,,,,
11436.0,0.0,0.0,964,180.0,,,,,,,,
11460.0,0.0,0.0,965,156.0,,,,,,,,
11438.0,0.0,0.0,966,178.0,,,,,,,,
11442.0,0.0,0.0,967,174.0,,,,,,,,
11474.0,0.0,0.0,968,142.0,,,,,,,,
11463.0,0.0,0.0,969,153.0,,,,,,,,
11472.0,0.0,0.0,970,144.0,,,,,,,,
11472.0,0.0,0.0,971,144.0,,,,,,,,
11481.0,0.0,0.0,972,135.0,,,,,,,,
11475.0,0.0,0.0,973,141.0,,,,,,,,
11463.0,0.0,0.0,974,153.0,,,,,,,,
11452.0,0.0,0.0,975,164.0,,,,,,,,
11448.0,0.0,0.0,976,168.0,,,,,,,,
11437.0,0.0,0.0,977,179.0,,,,,,,,
11443.0,0.0,0.0,978,173.0,,,,,,,,
11473.0,0.0,0.0,979,143.0,,,,,,,,
11471.0,0.0,0.0,980,145.0,,,,,,,,
11458.0,0.0,0.0,981,158.0,,,,,,,,
11457.0,0.0,0.0,982,159.0,,,,,,,,
11436.0,0.0,0.0,983,180.0,,,,,,,,
11451.0,0.0,0.0,984,165.0,,,,,,,,
11442.0,0.0,0.0,985,174.0,,,,,,,,
11465.0,0.0,0.0,986,151.0,,,,,,,,
11458.0,0.0,0.0,987,158.0,,,,,,,,
11456.0,0.0,0.0,988,160.0,,,,,,,,
11479.0,0.0,0.0,989,137.0,,,,,,,,
11438.0,0.0,0.0,990,178.0,,,,,,,,
11453.0,0.0,0.0,991,163.0,,,,,,,,
11447.0,0.0,0.0,992,169.0,,,,,,,,
11456.0,0.0,0.0,993,160.0,,,,,,,,
11472.0,0.0,0.0,994,144.0,,,,,,,,
11478.0,0.0,0.0,995,138.0,,,,,,,,
11447.0,0.0,0.0,996,169.0,,,,,,,,
11460.0,0.0,0.0,997,156.0,,,,,,,,
11464.0,0.0,0.0,998,152.0,,,,,,,,
11468.0,0.0,0.0,999,148.0,,,,,,,,
11431.0,0.0,0.0,1000,185.0,,,,,,,,
11477.0,0.0,0.0,1001,139.0,,,,,,,,
11452.0,0.0,0.0,1002,164.0,,,,,,,,
11452.0,0.0,0.0,1003,164.0,,,,,,,,
11478.0,0.0,0.0,1004,138.0,,,,,,,,
11464.0,0.0,0.0,1005,152.0,,,,,,,,
11461.0,0.0,0.0,1006,155.0,,,,,,,,
11462.0,0.0,0.0,1007,154.0,,,,,,,,
11458.0,0.0,0.0,1008,158.0,,,,,,,,
11425.0,0.0,0.0,1009,191.0,,,,,,,,
11450.0,0.0,0.0,1010,166.0,,,,,,,,
11471.0,0.0,0.0,1011,145.0,,,,,,,,
11461.0,0.0,0.0,1012,155.0,,,,,,,,
11453.0,0.0,0.0,1013,163.0,,,,,,,,
11476.0,0.0,0.0,1014,140.0,,,,,,,,
11482.0,0.0,0.0,1015,134.0,,,,,,,,
11466.0,0.0,0.0,1016,150.0,,,,,,,,
11468.0,0.0,0.0,1017,148.0,,,,,,,,
11439.0,0.0,0.0,1018,177.0,,,,,,,,
11443.0,0.0,0.0,1019,173.0,,,,,,,,
11456.0,0.0,0.0,1020,160.0,,,,,,,,
11487.0,0.0,0.0,1021,129.0,,,,,,,,
11440.0,0.0,0.0,1022,176.0,,,,,,,,
11475.0,0.0,0.0,1023,141.0,,,,,,,,
11464.0,0.0,0.0,1024,152.0,,,,,,,,
11447.0,0.0,0.0,1025,169.0,,,,,,,,
11458.0,0.0,0.0,1026,158.0,,,,,,,,
11460.0,0.0,0.0,1027,156.0,,,,,,,,
11471.0,0.0,0.0,1028,145.0,,,,,,,,
11461.0,0.0,0.0,1029,155.0,,,,,,,,
11450.0,0.0,0.0,1030,166.0,,,,,,,,
11458.0,0.0,0.0,1031,158.0,,,,,,,,
11477.0,0.0,0.0,1032,139.0,,,,,,,,
11466.0,0.0,0.0,1033,150.0,,,,,,,,
11474.0,0.0,0.0,1034,142.0,,,,,,,,
11477.0,0.0,0.0,1035,139.0,,,,,,,,
11467.0,0.0,0.0,1036,149.0,,,,,,,,
11467.0,0.0,0.0,1037,149.0,,,,,,,,
11463.0,0.0,0.0,1038,153.0,,,,,,,,
11463.0,0.0,0.0,1039,153.0,,,,,,,,
11479.0,0.0,0.0,1040,137.0,,,,,,,,
11440.0,0.0,0.0,1041,176.0,,,,,,,,
11486.0,0.0,0.0,1042,130.0,,,,,,,,
11456.0,0.0,0.0,1043,160.0,,,,,,,,
11430.0,0.0,0.0,1044,186.0,,,,,,,,
11452.0,0.0,0.0,1045,164.0,,,,,,,,
11475.0,0.0,0.0,1046,141.0,,,,,,,,
11478.0,0.0,0.0,1047,138.0,,,,,,,,
11464.0,0.0,0.0,1048,152.0,,,,,,,,
11466.0,0.0,0.0,1049,150.0,,,,,,,,
11447.0,0.0,0.0,1050,169.0,,,,,,,,
11451.0,0.0,0.0,1051,165.0,,,,,,,,
11466.0,0.0,0.0,1052,150.0,,,,,,,,
11476.0,0.0,0.0,1053,140.0,,,,,,,,
11450.0,0.0,0.0,1054,166.0,,,,,,,,
11454.0,0.0,0.0,1055,162.0,,,,,,,,
11457.0,0.0,0.0,1056,159.0,,,,,,,,
11481.0,0.0,0.0,1057,135.0,,,,,,,,
11460.0,0.0,0.0,1058,156.0,,,,,,,,
11449.0,0.0,0.0,1059,167.0,,,,,,,,
11469.0,0.0,0.0,1060,147.0,,,,,,,,
11474.0,0.0,0.0,1061,142.0,,,,,,,,
11458.0,0.0,0.0,1062,158.0,,,,,,,,
11466.0,0.0,0.0,1063,150.0,,,,,,,,
11447.0,0.0,0.0,1064,169.0,,,,,,,,
11447.0,0.0,0.0,1065,169.0,,,,,,,,
11450.0,0.0,0.0,1066,166.0,,,,,,,,
11454.0,0.0,0.0,1067,162.0,,,,,,,,
11455.0,0.0,0.0,1068,161.0,,,,,,,,
11451.0,0.0,0.0,1069,165.0,,,,,,,,
11486.0,0.0,0.0,1070,130.0,,,,,,,,
11467.0,0.0,0.0,1071,149.0,,,,,,,,
11460.0,0.0,0.0,1072,156.0,,,,,,,,
11456.0,0.0,0.0,1073,160.0,,,,,,,,
11461.0,0.0,0.0,1074,155.0,,,,,,,,
11455.0,0.0,0.0,1075,161.0,,,,,,,,
11464.0,0.0,0.0,1076,152.0,,,,,,,,
11463.0,0.0,0.0,1077,153.0,,,,,,,,
11465.0,0.0,0.0,1078,151.0,,,,,,,,
11457.0,0.0,0.0,1079,159.0,,,,,,,,
11450.0,0.0,0.0,1080,166.0,,,,,,,,
11461.0,0.0,0.0,1081,155.0,,,,,,,,
11461.0,0.0,0.0,1082,155.0,,,,,,,,
11442.0,0.0,0.0,1083,174.0,,,,,,,,
11463.0,0.0,0.0,1084,153.0,,,,,,,,
11462.0,0.0,0.0,1085,154.0,,,,,,,,
11462.0,0.0,0.0,1086,154.0,,,,,,,,
11462.0,0.0,0.0,1087,154.0,,,,,,,,
11446.0,0.0,0.0,1088,170.0,,,,,,,,
11438.0,0.0,0.0,1089,178.0,,,,,,,,
11458.0,0.0,0.0,1090,158.0,,,,,,,,
11460.0,0.0,0.0,1091,156.0,,,,,,,,
11446.0,0.0,0.0,1092,170.0,,,,,,,,
11474.0,0.0,0.0,1093,142.0,,,,,,,,
11458.0,0.0,0.0,1094,158.0,,,,,,,,
11454.0,0.0,0.0,1095,162.0,,,,,,,,
11467.0,0.0,0.0,1096,149.0,,,,,,,,
11457.0,0.0,0.0,1097,159.0,,,,,,,,
11448.0,0.0,0.0,1098,168.0,,,,,,,,
11469.0,0.0,0.0,1099,147.0,,,,,,,,
11496.0,0.0,0.0,1100,120.0,,,,,,,,
11439.0,0.0,0.0,1101,177.0,,,,,,,,
11452.0,0.0,0.0,1102,164.0,,,,,,,,
11448.0,0.0,0.0,1103,168.0,,,,,,,,
11469.0,0.0,0.0,1104,147.0,,,,,,,,
11461.0,0.0,0.0,1105,155.0,,,,,,,,
11481.0,0.0,0.0,1106,135.0,,,,,,,,
11486.0,0.0,0.0,1107,130.0,,,,,,,,
11464.0,0.0,0.0,1108,152.0,,,,,,,,
11470.0,0.0,0.0,1109,146.0,,,,,,,,
11456.0,0.0,0.0,1110,160.0,,,,,,,,
11459.0,0.0,0.0,1111,157.0,,,,,,,,
11472.0,0.0,0.0,1112,144.0,,,,,,,,
11466.0,0.0,0.0,1113,150.0,,,,,,,,
11474.0,0.0,0.0,1114,142.0,,,,,,,,
11440.0,0.0,0.0,1115,176.0,,,,,,,,
11444.0,0.0,0.0,1116,172.0,,,,,,,,
11464.0,0.0,0.0,1117,152.0,,,,,,,,
11454.0,0.0,0.0,1118,162.0,,,,,,,,
11481.0,0.0,0.0,1119,135.0,,,,,,,,
11454.0,0.0,0.0,1120,162.0,,,,,,,,
11462.0,0.0,0.0,1121,154.0,,,,,,,,
11470.0,0.0,0.0,1122,146.0,,,,,,,,
11469.0,0.0,0.0,1123,147.0,,,,,,,,
11435.0,0.0,0.0,1124,181.0,,,,,,,,
11451.0,0.0,0.0,1125,165.0,,,,,,,,
11461.0,0.0,0.0,1126,155.0,,,,,,,,
11479.0,0.0,0.0,1127,137.0,,,,,,,,
11468.0,0.0,0.0,1128,148.0,,,,,,,,
11465.0,0.0,0.0,1129,151.0,,,,,,,,
11456.0,0.0,0.0,1130,160.0,,,,,,,,
11465.0,0.0,0.0,1131,151.0,,,,,,,,
11464.0,0.0,0.0,1132,152.0,,,,,,,,
11471.0,0.0,0.0,1133,145.0,,,,,,,,
11460.0,0.0,0.0,1134,156.0,,,,,,,,
11455.0,0.0,0.0,1135,161.0,,,,,,,,
11435.0,0.0,0.0,1136,181.0,,,,,,,,
11468.0,0.0,0.0,1137,148.0,,,,,,,,
11474.0,0.0,0.0,1138,142.0,,,,,,,,
11472.0,0.0,0.0,1139,144.0,,,,,,,,
11468.0,0.0,0.0,1140,148.0,,,,,,,,
11448.0,0.0,0.0,1141,168.0,,,,,,,,
11463.0,0.0,0.0,1142,153.0,,,,,,,,
11451.0,0.0,0.0,1143,165.0,,,,,,,,
11455.0,0.0,0.0,1144,161.0,,,,,,,,
11435.0,0.0,0.0,1145,181.0,,,,,,,,
11449.0,0.0,0.0,1146,167.0,,,,,,,,
11490.0,0.0,0.0,1147,126.0,,,,,,,,
11449.0,0.0,0.0,1148,167.0,,,,,,,,
11482.0,0.0,0.0,1149,134.0,,,,,,,,
11444.0,0.0,0.0,1150,172.0,,,,,,,,
11471.0,0.0,0.0,1151,145.0,,,,,,,,
11444.0,0.0,0.0,1152,172.0,,,,,,,,
11478.0,0.0,0.0,1153,138.0,,,,,,,,
11479.0,0.0,0.0,1154,137.0,,,,,,,,
11480.0,0.0,0.0,1155,136.0,,,,,,,,
11445.0,0.0,0.0,1156,171.0,,,,,,,,
11483.0,0.0,0.0,1157,133.0,,,,,,,,
11471.0,0.0,0.0,1158,145.0,,,,,,,,
11465.0,0.0,0.0,1159,151.0,,,,,,,,
11435.0,0.0,0.0,1160,181.0,,,,,,,,
11459.0,0.0,0.0,1161,157.0,,,,,,,,
11479.0,0.0,0.0,1162,137.0,,,,,,,,
11471.0,0.0,0.0,1163,145.0,,,,,,,,
11427.0,0.0,0.0,1164,189.0,,,,,,,,
11493.0,0.0,0.0,1165,123.0,,,,,,,,
11460.0,0.0,0.0,1166,156.0,,,,,,,,
11452.0,0.0,0.0,1167,164.0,,,,,,,,
11474.0,0.0,0.0,1168,142.0,,,,,,,,
11476.0,0.0,0.0,1169,140.0,,,,,,,,
11449.0,0.0,0.0,1170,167.0,,,,,,,,
11462.0,0.0,0.0,1171,154.0,,,,,,,,
11459.0,0.0,0.0,1172,157.0,,,,,,,,
11474.0,0.0,0.0,1173,142.0,,,,,,,,
11479.0,0.0,0.0,1174,137.0,,,,,,,,
11426.0,0.0,0.0,1175,190.0,,,,,,,,
11451.0,0.0,0.0,1176,165.0,,,,,,,,
11452.0,0.0,0.0,1177,164.0,,,,,,,,
11457.0,0.0,0.0,1178,159.0,,,,,,,,
11457.0,0.0,0.0,1179,159.0,,,,,,,,
11468.0,0.0,0.0,1180,148.0,,,,,,,,
11459.0,0.0,0.0,1181,157.0,,,,,,,,
11463.0,0.0,0.0,1182,153.0,,,,,,,,
11487.0,0.0,0.0,1183,129.0,,,,,,,,
11474.0,0.0,0.0,1184,142.0,,,,,,,,
11459.0,0.0,0.0,1185,157.0,,,,,,,,
11475.0,0.0,0.0,1186,141.0,,,,,,,,
11470.0,0.0,0.0,1187,146.0,,,,,,,,
11462.0,0.0,0.0,1188,154.0,,,,,,,,
11484.0,0.0,0.0,1189,132.0,,,,,,,,
11464.0,0.0,0.0,1190,152.0,,,,,,,,
11477.0,0.0,0.0,1191,139.0,,,,,,,,
11469.0,0.0,0.0,1192,147.0,,,,,,,,
11436.0,0.0,0.0,1193,180.0,,,,,,,,
11463.0,0.0,0.0,1194,153.0,,,,,,,,
11474.0,0.0,0.0,1195,142.0,,,,,,,,
11438.0,0.0,0.0,1196,178.0,,,,,,,,
11448.0,0.0,0.0,1197,168.0,,,,,,,,
11454.0,0.0,0.0,1198,162.0,,,,,,,,
11467.0,0.0,0.0,1199,149.0,,,,,,,,
11449.0,0.0,0.0,1200,167.0,,,,,,,,
11460.0,0.0,0.0,1201,156.0,,,,,,,,
11437.0,0.0,0.0,1202,179.0,,,,,,,,
11467.0,0.0,0.0,1203,149.0,,,,,,,,
11438.0,0.0,0.0,1204,178.0,,,,,,,,
11453.0,0.0,0.0,1205,163.0,,,,,,,,
11489.0,0.0,0.0,1206,127.0,,,,,,,,
11470.0,0.0,0.0,1207,146.0,,,,,,,,
11456.0,0.0,0.0,1208,160.0,,,,,,,,
11462.0,0.0,0.0,1209,154.0,,,,,,,,
11469.0,0.0,0.0,1210,147.0,,,,,,,,
11457.0,0.0,0.0,1211,159.0,,,,,,,,
11495.0,0.0,0.0,1212,121.0,,,,,,,,
11472.0,0.0,0.0,1213,144.0,,,,,,,,
11447.0,0.0,0.0,1214,169.0,,,,,,,,
11465.0,0.0,0.0,1215,151.0,,,,,,,,
11452.0,0.0,0.0,1216,164.0,,,,,,,,
11434.0,0.0,0.0,1217,182.0,,,,,,,,
11452.0,0.0,0.0,1218,164.0,,,,,,,,
11450.0,0.0,0.0,1219,166.0,,,,,,,,
11465.0,0.0,0.0,1220,151.0,,,,,,,,
11466.0,0.0,0.0,1221,150.0,,,,,,,,
11466.0,0.0,0.0,1222,150.0,,,,,,,,
11470.0,0.0,0.0,1223,146.0,,,,,,,,
11479.0,0.0,0.0,1224,137.0,,,,,,,,
11471.0,0.0,0.0,1225,145.0,,,,,,,,
11443.0,0.0,0.0,1226,173.0,,,,,,,,
11463.0,0.0,0.0,1227,153.0,,,,,,,,
11457.0,0.0,0.0,1228,159.0,,,,,,,,
11453.0,0.0,0.0,1229,163.0,,,,,,,,
11472.0,0.0,0.0,1230,144.0,,,,,,,,
11449.0,0.0,0.0,1231,167.0,,,,,,,,
11453.0,0.0,0.0,1232,163.0,,,,,,,,
11468.0,0.0,0.0,1233,148.0,,,,,,,,
11483.0,0.0,0.0,1234,133.0,,,,,,,,
11472.0,0.0,0.0,1235,144.0,,,,,,,,
11474.0,0.0,0.0,1236,142.0,,,,,,,,
11436.0,0.0,0.0,1237,180.0,,,,,,,,
11460.0,0.0,0.0,1238,156.0,,,,,,,,
11435.0,0.0,0.0,1239,181.0,,,,,,,,
11469.0,0.0,0.0,1240,147.0,,,,,,,,
11449.0,0.0,0.0,1241,167.0,,,,,,,,
11451.0,0.0,0.0,1242,165.0,,,,,,,,
11426.0,0.0,0.0,1243,190.0,,,,,,,,
11439.0,0.0,0.0,1244,177.0,,,,,,,,
11444.0,0.0,0.0,1245,172.0,,,,,,,,
11451.0,0.0,0.0,1246,165.0,,,,,,,,
11460.0,0.0,0.0,1247,156.0,,,,,,,,
11447.0,0.0,0.0,1248,169.0,,,,,,,,
11460.0,0.0,0.0,1249,156.0,,,,,,,,
11461.0,0.0,0.0,1250,155.0,,,,,,,,
11444.0,0.0,0.0,1251,172.0,,,,,,,,
11463.0,0.0,0.0,1252,153.0,,,,,,,,
11468.0,0.0,0.0,1253,148.0,,,,,,,,
11469.0,0.0,0.0,1254,147.0,,,,,,,,
11446.0,0.0,0.0,1255,170.0,,,,,,,,
11467.0,0.0,0.0,1256,149.0,,,,,,,,
11440.0,0.0,0.0,1257,176.0,,,,,,,,
11460.0,0.0,0.0,1258,156.0,,,,,,,,
11474.0,0.0,0.0,1259,142.0,,,,,,,,
11481.0,0.0,0.0,1260,135.0,,,,,,,,
11475.0,0.0,0.0,1261,141.0,,,,,,,,
11438.0,0.0,0.0,1262,178.0,,,,,,,,
11467.0,0.0,0.0,1263,149.0,,,,,,,,
11450.0,0.0,0.0,1264,166.0,,,,,,,,
11466.0,0.0,0.0,1265,150.0,,,,,,,,
11465.0,0.0,0.0,1266,151.0,,,,,,,,
11454.0,0.0,0.0,1267,162.0,,,,,,,,
11488.0,0.0,0.0,1268,128.0,,,,,,,,
11477.0,0.0,0.0,1269,139.0,,,,,,,,
11445.0,0.0,0.0,1270,171.0,,,,,,,,
11451.0,0.0,0.0,1271,165.0,,,,,,,,
11441.0,0.0,0.0,1272,175.0,,,,,,,,
11471.0,0.0,0.0,1273,145.0,,,,,,,,
11431.0,0.0,0.0,1274,185.0,,,,,,,,
11467.0,0.0,0.0,1275,149.0,,,,,,,,
11465.0,0.0,0.0,1276,151.0,,,,,,,,
11475.0,0.0,0.0,1277,141.0,,,,,,,,
11469.0,0.0,0.0,1278,147.0,,,,,,,,
11460.0,0.0,0.0,1279,156.0,,,,,,,,
11462.0,0.0,0.0,1280,154.0,,,,,,,,
11435.0,0.0,0.0,1281,181.0,,,,,,,,
11467.0,0.0,0.0,1282,149.0,,,,,,,,
11470.0,0.0,0.0,1283,146.0,,,,,,,,
11458.0,0.0,0.0,1284,158.0,,,,,,,,
11456.0,0.0,0.0,1285,160.0,,,,,,,,
11466.0,0.0,0.0,1286,150.0,,,,,,,,
11471.0,0.0,0.0,1287,145.0,,,,,,,,
11464.0,0.0,0.0,1288,152.0,,,,,,,,
11457.0,0.0,0.0,1289,159.0,,,,,,,,
11496.0,0.0,0.0,1290,120.0,,,,,,,,
11468.0,0.0,0.0,1291,148.0,,,,,,,,
11474.0,0.0,0.0,1292,142.0,,,,,,,,
11484.0,0.0,0.0,1293,132.0,,,,,,,,
11444.0,0.0,0.0,1294,172.0,,,,,,,,
11463.0,0.0,0.0,1295,153.0,,,,,,,,
11464.0,0.0,0.0,1296,152.0,,,,,,,,
11459.0,0.0,0.0,1297,157.0,,,,,,,,
11460.0,0.0,0.0,1298,156.0,,,,,,,,
11478.0,0.0,0.0,1299,138.0,,,,,,,,
11480.0,0.0,0.0,1300,136.0,,,,,,,,
11452.0,0.0,0.0,1301,164.0,,,,,,,,
11456.0,0.0,0.0,1302,160.0,,,,,,,,
11478.0,0.0,0.0,1303,138.0,,,,,,,,
11475.0,0.0,0.0,1304,141.0,,,,,,,,
11459.0,0.0,0.0,1305,157.0,,,,,,,,
11464.0,0.0,0.0,1306,152.0,,,,,,,,
11488.0,0.0,0.0,1307,128.0,,,,,,,,
11473.0,0.0,0.0,1308,143.0,,,,,,,,
11459.0,0.0,0.0,1309,157.0,,,,,,,,
11464.0,0.0,0.0,1310,152.0,,,,,,,,
11458.0,0.0,0.0,1311,158.0,,,,,,,,
11445.0,0.0,0.0,1312,171.0,,,,,,,,
11465.0,0.0,0.0,1313,151.0,,,,,,,,
11446.0,0.0,0.0,1314,170.0,,,,,,,,
11433.0,0.0,0.0,1315,183.0,,,,,,,,
11481.0,0.0,0.0,1316,135.0,,,,,,,,
11460.0,0.0,0.0,1317,156.0,,,,,,,,
11455.0,0.0,0.0,1318,161.0,,,,,,,,
11462.0,0.0,0.0,1319,154.0,,,,,,,,
11468.0,0.0,0.0,1320,148.0,,,,,,,,
11454.0,0.0,0.0,1321,162.0,,,,,,,,
11468.0,0.0,0.0,1322,148.0,,,,,,,,
11455.0,0.0,0.0,1323,161.0,,,,,,,,
11463.0,0.0,0.0,1324,153.0,,,,,,,,
11469.0,0.0,0.0,1325,147.0,,,,,,,,
11459.0,0.0,0.0,1326,157.0,,,,,,,,
11477.0,0.0,0.0,1327,139.0,,,,,,,,
11461.0,0.0,0.0,1328,155.0,,,,,,,,
11438.0,0.0,0.0,1329,178.0,,,,,,,,
11460.0,0.0,0.0,1330,156.0,,,,,,,,
11466.0,0.0,0.0,1331,150.0,,,,,,,,
11455.0,0.0,0.0,1332,161.0,,,,,,,,
11485.0,0.0,0.0,1333,131.0,,,,,,,,
11477.0,0.0,0.0,1334,139.0,,,,,,,,
11457.0,0.0,0.0,1335,159.0,,,,,,,,
11471.0,0.0,0.0,1336,145.0,,,,,,,,
11458.0,0.0,0.0,1337,158.0,,,,,,,,
11449.0,0.0,0.0,1338,167.0,,,,,,,,
11474.0,0.0,0.0,1339,142.0,,,,,,,,
11462.0,0.0,0.0,1340,154.0,,,,,,,,
11431.0,0.0,0.0,1341,185.0,,,,,,,,
11457.0,0.0,0.0,1342,159.0,,,,,,,,
11467.0,0.0,0.0,1343,149.0,,,,,,,,
11454.0,0.0,0.0,1344,162.0,,,,,,,,
11451.0,0.0,0.0,1345,165.0,,,,,,,,
11424.0,0.0,0.0,1346,192.0,,,,,,,,
11450.0,0.0,0.0,1347,166.0,,,,,,,,
11459.0,0.0,0.0,1348,157.0,,,,,,,,
11477.0,0.0,0.0,1349,139.0,,,,,,,,
11470.0,0.0,0.0,1350,146.0,,,,,,,,
11454.0,0.0,0.0,1351,162.0,,,,,,,,
11460.0,0.0,0.0,1352,156.0,,,,,,,,
11478.0,0.0,0.0,1353,138.0,,,,,,,,
11462.0,0.0,0.0,1354,154.0,,,,,,,,
11463.0,0.0,0.0,1355,153.0,,,,,,,,
11472.0,0.0,0.0,1356,144.0,,,,,,,,
11437.0,0.0,0.0,1357,179.0,,,,,,,,
11476.0,0.0,0.0,1358,140.0,,,,,,,,
11469.0,0.0,0.0,1359,147.0,,,,,,,,
11475.0,0.0,0.0,1360,141.0,,,,,,,,
11469.0,0.0,0.0,1361,147.0,,,,,,,,
11445.0,0.0,0.0,1362,171.0,,,,,,,,
11486.0,0.0,0.0,1363,130.0,,,,,,,,
11471.0,0.0,0.0,1364,145.0,,,,,,,,
11440.0,0.0,0.0,1365,176.0,,,,,,,,
11470.0,0.0,0.0,1366,146.0,,,,,,,,
11457.0,0.0,0.0,1367,159.0,,,,,,,,
11430.0,0.0,0.0,1368,186.0,,,,,,,,
11431.0,0.0,0.0,1369,185.0,,,,,,,,
11468.0,0.0,0.0,1370,148.0,,,,,,,,
11460.0,0.0,0.0,1371,156.0,,,,,,,,
11450.0,0.0,0.0,1372,166.0,,,,,,,,
11471.0,0.0,0.0,1373,145.0,,,,,,,,
11464.0,0.0,0.0,1374,152.0,,,,,,,,
11444.0,0.0,0.0,1375,172.0,,,,,,,,
11447.0,0.0,0.0,1376,169.0,,,,,,,,
11450.0,0.0,0.0,1377,166.0,,,,,,,,
11465.0,0.0,0.0,1378,151.0,,,,,,,,
11465.0,0.0,0.0,1379,151.0,,,,,,,,
11461.0,0.0,0.0,1380,155.0,,,,,,,,
11466.0,0.0,0.0,1381,150.0,,,,,,,,
11444.0,0.0,0.0,1382,172.0,,,,,,,,
11460.0,0.0,0.0,1383,156.0,,,,,,,,
11461.0,0.0,0.0,1384,155.0,,,,,,,,
11455.0,0.0,0.0,1385,161.0,,,,,,,,
11471.0,0.0,0.0,1386,145.0,,,,,,,,
11463.0,0.0,0.0,1387,153.0,,,,,,,,
11474.0,0.0,0.0,1388,142.0,,,,,,,,
11460.0,0.0,0.0,1389,156.0,,,,,,,,
11459.0,0.0,0.0,1390,157.0,,,,,,,,
11447.0,0.0,0.0,1391,169.0,,,,,,,,
11474.0,0.0,0.0,1392,142.0,,,,,,,,
11480.0,0.0,0.0,1393,136.0,,,,,,,,
11464.0,0.0,0.0,1394,152.0,,,,,,,,
11471.0,0.0,0.0,1395,145.0,,,,,,,,
11436.0,0.0,0.0,1396,180.0,,,,,,,,
11469.0,0.0,0.0,1397,147.0,,,,,,,,
11443.0,0.0,0.0,1398,173.0,,,,,,,,
11441.0,0.0,0.0,1399,175.0,,,,,,,,
11485.0,0.0,0.0,1400,131.0,,,,,,,,
11469.0,0.0,0.0,1401,147.0,,,,,,,,
11450.0,0.0,0.0,1402,166.0,,,,,,,,
11480.0,0.0,0.0,1403,136.0,,,,,,,,
11461.0,0.0,0.0,1404,155.0,,,,,,,,
11461.0,0.0,0.0,1405,155.0,,,,,,,,
11461.0,0.0,0.0,1406,155.0,,,,,,,,
11472.0,0.0,0.0,1407,144.0,,,,,,,,
11457.0,0.0,0.0,1408,159.0,,,,,,,,
11460.0,0.0,0.0,1409,156.0,,,,,,,,
11461.0,0.0,0.0,1410,155.0,,,,,,,,
11464.0,0.0,0.0,1411,152.0,,,,,,,,
11444.0,0.0,0.0,1412,172.0,,,,,,,,
11448.0,0.0,0.0,1413,168.0,,,,,,,,
11463.0,0.0,0.0,1414,153.0,,,,,,,,
11448.0,0.0,0.0,1415,168.0,,,,,,,,
11453.0,0.0,0.0,1416,163.0,,,,,,,,
11469.0,0.0,0.0,1417,147.0,,,,,,,,
11462.0,0.0,0.0,1418,154.0,,,,,,,,
11432.0,0.0,0.0,1419,184.0,,,,,,,,
11480.0,0.0,0.0,1420,136.0,,,,,,,,
11457.0,0.0,0.0,1421,159.0,,,,,,,,
11447.0,0.0,0.0,1422,169.0,,,,,,,,
11458.0,0.0,0.0,1423,158.0,,,,,,,,
11475.0,0.0,0.0,1424,141.0,,,,,,,,
11450.0,0.0,0.0,1425,166.0,,,,,,,,
11470.0,0.0,0.0,1426,146.0,,,,,,,,
11460.0,0.0,0.0,1427,156.0,,,,,,,,
11472.0,0.0,0.0,1428,144.0,,,,,,,,
11463.0,0.0,0.0,1429,153.0,,,,,,,,
11455.0,0.0,0.0,1430,161.0,,,,,,,,
11449.0,0.0,0.0,1431,167.0,,,,,,,,
11461.0,0.0,0.0,1432,155.0,,,,,,,,
11467.0,0.0,0.0,1433,149.0,,,,,,,,
11470.0,0.0,0.0,1434,146.0,,,,,,,,
11425.0,0.0,0.0,1435,191.0,,,,,,,,
11445.0,0.0,0.0,1436,171.0,,,,,,,,
11490.0,0.0,0.0,1437,126.0,,,,,,,,
11479.0,0.0,0.0,1438,137.0,,,,,,,,
11464.0,0.0,0.0,1439,152.0,,,,,,,,
11450.0,0.0,0.0,1440,166.0,,,,,,,,
11448.0,0.0,0.0,1441,168.0,,,,,,,,
11471.0,0.0,0.0,1442,145.0,,,,,,,,
11460.0,0.0,0.0,1443,156.0,,,,,,,,
11452.0,0.0,0.0,1444,164.0,,,,,,,,
11449.0,0.0,0.0,1445,167.0,,,,,,,,
11442.0,0.0,0.0,1446,174.0,,,,,,,,
11453.0,0.0,0.0,1447,163.0,,,,,,,,
11450.0,0.0,0.0,1448,166.0,,,,,,,,
11456.0,0.0,0.0,1449,160.0,,,,,,,,
11451.0,0.0,0.0,1450,165.0,,,,,,,,
11463.0,0.0,0.0,1451,153.0,,,,,,,,
11454.0,0.0,0.0,1452,162.0,,,,,,,,
11463.0,0.0,0.0,1453,153.0,,,,,,,,
11458.0,0.0,0.0,1454,158.0,,,,,,,,
11466.0,0.0,0.0,1455,150.0,,,,,,,,
11479.0,0.0,0.0,1456,137.0,,,,,,,,
11460.0,0.0,0.0,1457,156.0,,,,,,,,
11468.0,0.0,0.0,1458,148.0,,,,,,,,
11450.0,0.0,0.0,1459,166.0,,,,,,,,
11474.0,0.0,0.0,1460,142.0,,,,,,,,
11451.0,0.0,0.0,1461,165.0,,,,,,,,
11468.0,0.0,0.0,1462,148.0,,,,,,,,
11436.0,0.0,0.0,1463,180.0,,,,,,,,
11441.0,0.0,0.0,1464,175.0,,,,,,,,
11460.0,0.0,0.0,1465,156.0,,,,,,,,
11463.0,0.0,0.0,1466,153.0,,,,,,,,
11455.0,0.0,0.0,1467,161.0,,,,,,,,
11465.0,0.0,0.0,1468,151.0,,,,,,,,
11461.0,0.0,0.0,1469,155.0,,,,,,,,
11459.0,0.0,0.0,1470,157.0,,,,,,,,
11462.0,0.0,0.0,1471,154.0,,,,,,,,
11459.0,0.0,0.0,1472,157.0,,,,,,,,
11475.0,0.0,0.0,1473,141.0,,,,,,,,
11480.0,0.0,0.0,1474,136.0,,,,,,,,
11493.0,0.0,0.0,1475,123.0,,,,,,,,
11455.0,0.0,0.0,1476,161.0,,,,,,,,
11457.0,0.0,0.0,1477,159.0,,,,,,,,
11462.0,0.0,0.0,1478,154.0,,,,,,,,
11450.0,0.0,0.0,1479,166.0,,,,,,,,
11476.0,0.0,0.0,1480,140.0,,,,,,,,
11468.0,0.0,0.0,1481,148.0,,,,,,,,
11446.0,0.0,0.0,1482,170.0,,,,,,,,
11470.0,0.0,0.0,1483,146.0,,,,,,,,
11456.0,0.0,0.0,1484,160.0,,,,,,,,
11457.0,0.0,0.0,1485,159.0,,,,,,,,
11453.0,0.0,0.0,1486,163.0,,,,,,,,
11456.0,0.0,0.0,1487,160.0,,,,,,,,
11445.0,0.0,0.0,1488,171.0,,,,,,,,
11450.0,0.0,0.0,1489,166.0,,,,,,,,
11476.0,0.0,0.0,1490,140.0,,,,,,,,
11476.0,0.0,0.0,1491,140.0,,,,,,,,
11483.0,0.0,0.0,1492,133.0,,,,,,,,
11462.0,0.0,0.0,1493,154.0,,,,,,,,
11442.0,0.0,0.0,1494,174.0,,,,,,,,
11456.0,0.0,0.0,1495,160.0,,,,,,,,
11464.0,0.0,0.0,1496,152.0,,,,,,,,
11452.0,0.0,0.0,1497,164.0,,,,,,,,
11472.0,0.0,0.0,1498,144.0,,,,,,,,
11462.0,0.0,0.0,1499,154.0,,,,,,,,
11441.0,0.0,0.0,1500,175.0,,,,,,,,
11457.0,0.0,0.0,1501,159.0,,,,,,,,
11460.0,0.0,0.0,1502,156.0,,,,,,,,
11481.0,0.0,0.0,1503,135.0,,,,,,,,
11465.0,0.0,0.0,1504,151.0,,,,,,,,
11479.0,0.0,0.0,1505,137.0,,,,,,,,
11474.0,0.0,0.0,1506,142.0,,,,,,,,
11457.0,0.0,0.0,1507,159.0,,,,,,,,
11456.0,0.0,0.0,1508,160.0,,,,,,,,
11477.0,0.0,0.0,1509,139.0,,,,,,,,
11459.0,0.0,0.0,1510,157.0,,,,,,,,
11443.0,0.0,0.0,1511,173.0,,,,,,,,
11459.0,0.0,0.0,1512,157.0,,,,,,,,
11467.0,0.0,0.0,1513,149.0,,,,,,,,
11472.0,0.0,0.0,1514,144.0,,,,,,,,
11479.0,0.0,0.0,1515,137.0,,,,,,,,
11473.0,0.0,0.0,1516,143.0,,,,,,,,
11463.0,0.0,0.0,1517,153.0,,,,,,,,
11474.0,0.0,0.0,1518,142.0,,,,,,,,
11469.0,0.0,0.0,1519,147.0,,,,,,,,
11459.0,0.0,0.0,1520,157.0,,,,,,,,
11456.0,0.0,0.0,1521,160.0,,,,,,,,
11461.0,0.0,0.0,1522,155.0,,,,,,,,
11461.0,0.0,0.0,1523,155.0,,,,,,,,
11437.0,0.0,0.0,1524,179.0,,,,,,,,
11458.0,0.0,0.0,1525,158.0,,,,,,,,
11452.0,0.0,0.0,1526,164.0,,,,,,,,
11454.0,0.0,0.0,1527,162.0,,,,,,,,
11447.0,0.0,0.0,1528,169.0,,,,,,,,
11472.0,0.0,0.0,1529,144.0,,,,,,,,
11484.0,0.0,0.0,1530,132.0,,,,,,,,
11476.0,0.0,0.0,1531,140.0,,,,,,,,
11475.0,0.0,0.0,1532,141.0,,,,,,,,
11450.0,0.0,0.0,1533,166.0,,,,,,,,
11463.0,0.0,0.0,1534,153.0,,,,,,,,
11447.0,0.0,0.0,1535,169.0,,,,,,,,
11460.0,0.0,0.0,1536,156.0,,,,,,,,
11449.0,0.0,0.0,1537,167.0,,,,,,,,
11444.0,0.0,0.0,1538,172.0,,,,,,,,
11450.0,0.0,0.0,1539,166.0,,,,,,,,
11460.0,0.0,0.0,1540,156.0,,,,,,,,
11467.0,0.0,0.0,1541,149.0,,,,,,,,
11471.0,0.0,0.0,1542,145.0,,,,,,,,
11460.0,0.0,0.0,1543,156.0,,,,,,,,
11471.0,0.0,0.0,1544,145.0,,,,,,,,
11450.0,0.0,0.0,1545,166.0,,,,,,,,
11461.0,0.0,0.0,1546,155.0,,,,,,,,
11462.0,0.0,0.0,1547,154.0,,,,,,,,
11471.0,0.0,0.0,1548,145.0,,,,,,,,
11464.0,0.0,0.0,1549,152.0,,,,,,,,
11468.0,0.0,0.0,1550,148.0,,,,,,,,
11465.0,0.0,0.0,1551,151.0,,,,,,,,
11451.0,0.0,0.0,1552,165.0,,,,,,,,
11461.0,0.0,0.0,1553,155.0,,,,,,,,
11442.0,0.0,0.0,1554,174.0,,,,,,,,
11457.0,0.0,0.0,1555,159.0,,,,,,,,
11465.0,0.0,0.0,1556,151.0,,,,,,,,
11443.0,0.0,0.0,1557,173.0,,,,,,,,
11464.0,0.0,0.0,1558,152.0,,,,,,,,
11457.0,0.0,0.0,1559,159.0,,,,,,,,
11448.0,0.0,0.0,1560,168.0,,,,,,,,
11454.0,0.0,0.0,1561,162.0,,,,,,,,
5720.0,0.0,0.0,1562,88.0,,,,,,,,
,,,0,,0.0,1.0682940483093262,0.0,0.0,11458.5,0.8911358714103699,0,155.64031982421875
